OBSERVASJONER - TIMEDATA;;;;;;;
;;;;;;;
Stasjoner;;;;;;;
StationNr;Name;InServiceSince;InServiceUntil;MetersAboveSeaLevel;Principality;County;RegionOrCountry
50480;BERGEN - SANDSLI;jul.83;;45;Bergen;Hordaland;VESTLANDET
50500;FLESLAND;okt.55;;48;Bergen;Hordaland;VESTLANDET
50503;SÆDALEN;nov.04;;215;Bergen;Hordaland;NORGE
50540;BERGEN - FLORIDA;nov.49;;12;Bergen;Hordaland;VESTLANDET
50570;SKREDDERDALEN;aug.16;;175;Bergen;Hordaland;NORGE
50865;GULLFJELLET;aug.16;;345;Bergen;Hordaland;NORGE
;;;;;;;
Elementer;;;;;;;
Kode;Navn;Enhet;;;;;
DD;Vindretning (FF);grader;;;;;
FF;Vindhastighet (10 meter over bakken);m/s;;;;;
RR_1;Nedbør (1 time);mm;;;;;
SA;Snødybde;cm;;;;;
TA;Lufttemperatur;Celcius;;;;;
WAWA;Været ved observasjonstida;kode;;;;;
;;;;;;;
;;;;;;;
Norsk Normaltid (NMT, Norwegian Mean Time) er det samme som sentraleuropeisk tid, tidssonen som ligger en time før UTC, og skrives dermed gjerne UTC+1. Det taes ikke hensyn til sommertid. NMT angir døgnets timer fra 01 til 24.;;;;;;;
****************** MELDING *****************;;;;;;;
50480 Ingen data for FF, DD, WAWA, SA;;;;;;;
********************************************;;;;;;;
****************** MELDING *****************;;;;;;;
50500 Ingen data for SA;;;;;;;
********************************************;;;;;;;
****************** MELDING *****************;;;;;;;
50503 Ingen data for FF, DD, TA, WAWA, SA;;;;;;;
********************************************;;;;;;;
****************** MELDING *****************;;;;;;;
50540 Ingen data for WAWA;;;;;;;
********************************************;;;;;;;
****************** MELDING *****************;;;;;;;
50570 Ingen data for WAWA, SA;;;;;;;
********************************************;;;;;;;
****************** MELDING *****************;;;;;;;
50865 Ingen data for WAWA, SA;;;;;;;
********************************************;;;;;;;
****************** MELDING *****************;;;;;;;
Ingen data for: 50503, 50540, 50540, 50540, 50540, 50540, 50540, 50540, 50540, 50540, 50540, 50540, 50570;;;;;;;
********************************************;;;;;;;
;;;;;;;
****************** MELDING *****************;;;;;;;
Dataverdi merket x betyr at kvaliteten er 'Svært usikker' (Nivå 5 eller mer).;;;;;;;
********************************************;;;;;;;
;;;;;;;
measuredByStation;dateTime;precipitationInMM;windSpeed10MAboveGround;windDirectionDegrees;airTemperatureCelsius;observedWeatherWAWACode;snowDepthCM
50540;01.05.2016-00:00;0;1,8;135;5,6; ; 
50540;01.05.2016-01:00;0;2,8;143;5,4; ; 
50540;01.05.2016-02:00;0;3,9;163;5,9; ; 
50540;01.05.2016-03:00;0;2,7;141;5,8; ; 
50540;01.05.2016-04:00;0;2,7;162;5,2; ; 
50540;01.05.2016-05:00;0;4;159;4,9; ; 
50540;01.05.2016-06:00;0;4,2;160;5,4; ; 
50540;01.05.2016-07:00;0;5,1;158;6,1; ; 
50540;01.05.2016-08:00;0,9;3,4;135;5,3; ; 
50540;01.05.2016-09:00;0;5,9;143;8,4; ; 
50540;01.05.2016-10:00;0;6,3;153;8,2; ; 
50540;01.05.2016-11:00;0;7,6;150;8,4; ; 
50540;01.05.2016-12:00;0;8,9;157;9,1; ; 
50540;01.05.2016-13:00;0;8,2;146;9,1; ; 
50540;01.05.2016-14:00;0;7,9;161;9,4; ; 
50540;01.05.2016-15:00;0;10,9;172;9,2; ; 
50540;01.05.2016-16:00;0,1;11,5;169;7,8; ; 
50540;01.05.2016-17:00;0,1;6,6;152;8,1; ; 
50540;01.05.2016-18:00;0;6,9;166;8,4; ; 
50540;01.05.2016-19:00;0;9,5;175;8; ; 
50540;01.05.2016-20:00;0,1;7,9;162;7,4; ; 
50540;01.05.2016-21:00;0,1;8,1;156;7; ; 
50540;01.05.2016-22:00;0,1;6,9;141;6,6; ; 
50540;01.05.2016-23:00;0;7,8;144;7; ; 
50540;02.05.2016-00:00;0;7,2;146;6,8; ; 
50540;02.05.2016-01:00;0;7,7;147;6,8; ; 
50540;02.05.2016-02:00;0,1;7,1;154;6,9; ; 
50540;02.05.2016-03:00;0,1;7,9;145;7; ; 
50540;02.05.2016-04:00;0,4;8,5;159;6,6; ; 
50540;02.05.2016-05:00;0,8;7,3;154;6,8; ; 
50540;02.05.2016-06:00;0,9;7;156;7; ; 
50540;02.05.2016-07:00;0,5;6,9;150;7,6; ; 
50540;02.05.2016-08:00;0,4;6;156;7,8; ; 
50540;02.05.2016-09:00;0,4;7,6;157;8,5; ; 
50540;02.05.2016-10:00;1,5;7,5;159;9; ; 
50540;02.05.2016-11:00;0,5;8,5;147;8,9; ; 
50540;02.05.2016-12:00;0,7;8,1;150;9,2; ; 
50540;02.05.2016-13:00;1,4;9,4;154;9,3; ; 
50540;02.05.2016-14:00;0,1;10,3;162;9,5; ; 
50540;02.05.2016-15:00;0;6,7;156;9,1; ; 
50540;02.05.2016-16:00;0,9;7,3;160;8,6; ; 
50540;02.05.2016-17:00;0,4;5,6;146;8,8; ; 
50540;02.05.2016-18:00;0,3;5,3;154;8,8; ; 
50540;02.05.2016-19:00;1,4;5;145;8,4; ; 
50540;02.05.2016-20:00;0,7;4,6;149;8,3; ; 
50540;02.05.2016-21:00;1;4,9;148;8,3; ; 
50540;02.05.2016-22:00;1,2;4;159;8,1; ; 
50540;02.05.2016-23:00;2,2;3,9;166;8; ; 
50540;03.05.2016-00:00;1,4;4,4;161;8; ; 
50540;03.05.2016-01:00;0,7;3,6;154;7,8; ; 
50540;03.05.2016-02:00;0,4;3,2;169;7,8; ; 
50540;03.05.2016-03:00;0,7;2,2;143;7,7; ; 
50540;03.05.2016-04:00;0;3,6;149;7,5; ; 
50540;03.05.2016-05:00;0;3,5;165;7,8; ; 
50540;03.05.2016-06:00;0,5;2,5;218;7,9; ; 
50540;03.05.2016-07:00;5,8;4,9;132;7,4; ; 
50540;03.05.2016-08:00;1;3,9;163;7,5; ; 
50540;03.05.2016-09:00;0,3;3,1;144;7,4; ; 
50540;03.05.2016-10:00;0;3;180;8,5; ; 
50540;03.05.2016-11:00;0;3,1;196;9,6; ; 
50540;03.05.2016-12:00;0;2,8;195;9,8; ; 
50540;03.05.2016-13:00;0;6,2;161;10,3; ; 
50540;03.05.2016-14:00;0;5,5;173;10; ; 
50540;03.05.2016-15:00;0;6,2;163;9,5; ; 
50540;03.05.2016-16:00;0;7,2;165;8,9; ; 
50540;03.05.2016-17:00;0;6;168;8,6; ; 
50540;03.05.2016-18:00;0,2;3,3;162;7,7; ; 
50540;03.05.2016-19:00;0,2;5,5;165;7,7; ; 
50540;03.05.2016-20:00;0;5;170;7,8; ; 
50540;03.05.2016-21:00;0;4,4;168;7,8; ; 
50540;03.05.2016-22:00;0,3;2,7;158;7; ; 
50540;03.05.2016-23:00;0,1;5,5;158;7,4; ; 
50540;04.05.2016-00:00;0,1;5;170;7,6; ; 
50540;04.05.2016-01:00;0;4,6;170;7,5; ; 
50540;04.05.2016-02:00;0;3,7;170;7,4; ; 
50540;04.05.2016-03:00;0;5,2;166;7,3; ; 
50540;04.05.2016-04:00;0;3,2;161;7,2; ; 
50540;04.05.2016-05:00;0;3,3;156;7,2; ; 
50540;04.05.2016-06:00;0;3,2;156;7,4; ; 
50540;04.05.2016-07:00;0;4;148;7,9; ; 
50540;04.05.2016-08:00;0;5,8;163;9; ; 
50540;04.05.2016-09:00;0;6,4;140;10,5; ; 
50540;04.05.2016-10:00;0;5,7;144;11,2; ; 
50540;04.05.2016-11:00;0;5,9;159;12,1; ; 
50540;04.05.2016-12:00;0;8;139;11,8; ; 
50540;04.05.2016-13:00;0;10,6;166;13; ; 
50540;04.05.2016-14:00;0;10,4;163;12,7; ; 
50540;04.05.2016-15:00;0;7,9;168;12; ; 
50540;04.05.2016-16:00;0;6,2;168;11,6; ; 
50540;04.05.2016-17:00;0;7,3;167;10,8; ; 
50540;04.05.2016-18:00;0;8,5;156;10,7; ; 
50540;04.05.2016-19:00;0;6,5;158;10,8; ; 
50540;04.05.2016-20:00;0;7,2;155;10,5; ; 
50540;04.05.2016-21:00;0;5,6;157;10; ; 
50540;04.05.2016-22:00;0;5,5;154;9,6; ; 
50540;04.05.2016-23:00;0;5,1;145;9,6; ; 
50540;05.05.2016-00:00;0;5,7;150;9,3; ; 
50540;05.05.2016-01:00;0;6,9;153;9,7; ; 
50540;05.05.2016-02:00;0;6,9;152;9,9; ; 
50540;05.05.2016-03:00;0;7,3;152;9,9; ; 
50540;05.05.2016-04:00;0;7,1;151;10; ; 
50540;05.05.2016-05:00;0;6,7;147;10,3; ; 
50540;05.05.2016-06:00;0;5,6;148;10,6; ; 
50540;05.05.2016-07:00;0;6,7;148;11; ; 
50540;05.05.2016-17:00;0;10,8;166;14; ; 
50540;05.05.2016-18:00;0;9,7;174;13,9; ; 
50540;05.05.2016-19:00;0;6,7;162;13,3; ; 
50540;05.05.2016-20:00;0;6,1;155;12,6; ; 
50540;05.05.2016-21:00;0;5,9;150;11,9; ; 
50540;05.05.2016-22:00;0;5,8;149;11,8; ; 
50540;05.05.2016-23:00;0;5,8;153;11,4; ; 
50540;06.05.2016-00:00;0;5,2;161;10,9; ; 
50540;06.05.2016-01:00;0;5,3;153;10,7; ; 
50540;06.05.2016-02:00;0;5,5;151;10,5; ; 
50540;06.05.2016-03:00;0;5,3;161;10,1; ; 
50540;06.05.2016-04:00;0;5;154;9,6; ; 
50540;06.05.2016-05:00;0;4,3;157;9,7; ; 
50540;06.05.2016-06:00;0;4,7;151;10; ; 
50540;06.05.2016-07:00;0;7,7;169;10,6; ; 
50540;06.05.2016-08:00;0;7,4;163;11,1; ; 
50540;06.05.2016-09:00;0;6,3;155;12,5; ; 
50540;06.05.2016-10:00;0;6,7;149;13,1; ; 
50540;06.05.2016-11:00;0;6,4;149;14,6; ; 
50540;06.05.2016-12:00;0;6,8;137;16; ; 
50540;06.05.2016-13:00;0;7,2;143;15,7; ; 
50540;06.05.2016-14:00;0;6,8;144;15,7; ; 
50540;06.05.2016-15:00;0;5,3;143;15,9; ; 
50540;06.05.2016-16:00;0;5,2;160;16; ; 
50540;06.05.2016-17:00;0;4,7;153;16,4; ; 
50540;06.05.2016-18:00;0;2,5;151;16,2; ; 
50540;06.05.2016-19:00;0;2,7;243;15,1; ; 
50540;06.05.2016-20:00;0;1,5;300;14,1; ; 
50540;06.05.2016-21:00;0;0,7;145;12,9; ; 
50540;06.05.2016-22:00;0;0,3;350;11,9; ; 
50540;06.05.2016-23:00;0;1,1;160;11,8; ; 
50540;07.05.2016-00:00;0;1,5;164;11,9; ; 
50540;07.05.2016-01:00;0;3;180;14,1; ; 
50540;07.05.2016-02:00;0;2,8;164;14,6; ; 
50540;07.05.2016-03:00;0;3,1;167;14,8; ; 
50540;07.05.2016-04:00;0;2,9;161;14,7; ; 
50540;07.05.2016-05:00;0,3;1,7;166;13; ; 
50540;07.05.2016-06:00;0;2,1;326;12,1; ; 
50540;07.05.2016-07:00;0;1,2;311;11; ; 
50540;07.05.2016-08:00;0;1;321;14,2; ; 
50540;07.05.2016-09:00;0;2,3;301;14; ; 
50540;07.05.2016-10:00;0,1;1,3;309;14,5; ; 
50540;07.05.2016-11:00;0;2,2;294;15,5; ; 
50540;07.05.2016-12:00;0,1;1,6;319;18; ; 
50540;07.05.2016-13:00;0;0,6;71;21,3; ; 
50540;07.05.2016-14:00;0;4,8;181;21,7; ; 
50540;07.05.2016-15:00;0;6,5;172;20,9; ; 
50540;07.05.2016-16:00;0;6;170;21,8; ; 
50540;07.05.2016-17:00;0;5,8;139;21,2; ; 
50540;07.05.2016-18:00;0;6,7;141;20,6; ; 
50540;07.05.2016-19:00;0;5,6;141;19,8; ; 
50540;07.05.2016-20:00;0;3,9;138;19,5; ; 
50540;07.05.2016-21:00;0;4,2;130;19; ; 
50540;07.05.2016-22:00;0;1,8;121;17,7; ; 
50540;07.05.2016-23:00;0;4,7;134;18,4; ; 
50540;08.05.2016-00:00;0;5;136;18,3; ; 
50540;08.05.2016-01:00;0;3,7;140;18,3; ; 
50540;08.05.2016-02:00;0;3,3;164;18,4; ; 
50540;08.05.2016-03:00;0;4,5;162;18,4; ; 
50540;08.05.2016-04:00;0;5,6;139;18,7; ; 
50540;08.05.2016-05:00;0;3,7;154;18; ; 
50540;08.05.2016-06:00;0;5,1;157;18; ; 
50540;08.05.2016-07:00;0;4,8;140;18,9; ; 
50540;08.05.2016-08:00;0;5,3;142;20,6; ; 
50540;08.05.2016-09:00;0;5,6;158;21,2; ; 
50540;08.05.2016-10:00;0;5,2;150;22,2; ; 
50540;08.05.2016-11:00;0;5,8;153;22,9; ; 
50540;08.05.2016-12:00;0;5,6;142;23,6; ; 
50540;08.05.2016-13:00;0;5,9;136;24,2; ; 
50540;08.05.2016-14:00;0;5,3;142;24,4; ; 
50540;08.05.2016-15:00;0;5,4;149;24,4; ; 
50540;08.05.2016-16:00;0;5;170;24,2; ; 
50540;08.05.2016-17:00;0;4,5;165;23,7; ; 
50540;08.05.2016-18:00;0;3;167;22,8; ; 
50540;08.05.2016-19:00;0;4,1;293;17,9; ; 
50540;08.05.2016-20:00;0;1,6;313;17,2; ; 
50540;08.05.2016-21:00;0;1,3;309;16,2; ; 
50540;08.05.2016-22:00;0;0,4;313;14,9; ; 
50540;08.05.2016-23:00;0;0,4;331;14,5; ; 
50540;09.05.2016-00:00;0;0,6;339;13,4; ; 
50540;09.05.2016-01:00;0;0,6;343;12; ; 
50540;09.05.2016-02:00;0;0,8;337;11,6; ; 
50540;09.05.2016-03:00;0;0,8;325;11,3; ; 
50540;09.05.2016-04:00;0;0,5;53;10,7; ; 
50540;09.05.2016-05:00;0;0,5;334;10,9; ; 
50540;09.05.2016-06:00;0;0,5;149;11,6; ; 
50540;09.05.2016-07:00;0;0,4;319;13,2; ; 
50540;09.05.2016-08:00;0;1,1;336;17,7; ; 
50540;09.05.2016-09:00;0;1,2;145;20,4; ; 
50540;09.05.2016-10:00;0;1,8;173;22,5; ; 
50540;09.05.2016-11:00;0;3,8;155;23,2; ; 
50540;09.05.2016-12:00;0;4,3;161;23,5; ; 
50540;09.05.2016-13:00;0;2,7;218;24,1; ; 
50540;09.05.2016-14:00;0;4,8;161;23,8; ; 
50540;09.05.2016-15:00;0;3;237;25,1; ; 
50540;09.05.2016-16:00;0;2,6;205;24,2; ; 
50540;09.05.2016-17:00;0;2,5;248;24,4; ; 
50540;09.05.2016-18:00;0;4,2;329;22,9; ; 
50540;09.05.2016-19:00;0;4,5;346;21,1; ; 
50540;09.05.2016-20:00;0;2,5;307;19,2; ; 
50540;09.05.2016-21:00;0;1,9;297;17,3; ; 
50540;09.05.2016-22:00;0;0,4;136;15,1; ; 
50540;09.05.2016-23:00;0;1,1;323;14,5; ; 
50540;10.05.2016-00:00;0;1,1;323;14,1; ; 
50540;10.05.2016-01:00;0;0,8;322;12,9; ; 
50540;10.05.2016-02:00;0;0,8;153;11,4; ; 
50540;10.05.2016-03:00;0;0,5;118;11; ; 
50540;10.05.2016-04:00;0;0,9;338;10,6; ; 
50540;10.05.2016-05:00;0;0,5;58;10,1; ; 
50540;10.05.2016-06:00;0;0,8;332;11,6; ; 
50540;10.05.2016-07:00;0;0,9;314;13,6; ; 
50540;10.05.2016-08:00;0;0,6;228;16,1; ; 
50540;10.05.2016-09:00;0;0,7;311;17,6; ; 
50540;10.05.2016-10:00;0;2,8;307;18,5; ; 
50540;10.05.2016-11:00;0;2,8;294;20,7; ; 
50540;10.05.2016-12:00;0;3,1;321;21,7; ; 
50540;10.05.2016-13:00;0;3,8;317;22; ; 
50540;10.05.2016-14:00;0;3,5;297;22,3; ; 
50540;10.05.2016-15:00;0;2,9;303;22,4; ; 
50540;10.05.2016-16:00;0;3,6;301;22,1; ; 
50540;10.05.2016-17:00;0;2,9;329;20,7; ; 
50540;10.05.2016-18:00;0;4;339;19,3; ; 
50540;10.05.2016-19:00;0;3,2;306;17,8; ; 
50540;10.05.2016-20:00;0;2,5;307;16,6; ; 
50540;10.05.2016-21:00;0;1,9;314;15,4; ; 
50540;10.05.2016-22:00;0;0,8;311;14,2; ; 
50540;10.05.2016-23:00;0;1,7;332;13,2; ; 
50540;11.05.2016-00:00;0;1;329;11,6; ; 
50540;11.05.2016-01:00;0;0,6;293;10,9; ; 
50540;11.05.2016-02:00;0;0,3;320;10,2; ; 
50540;11.05.2016-03:00;0;0,6;336;10,5; ; 
50540;11.05.2016-04:00;0;0,7;323;9,9; ; 
50540;11.05.2016-05:00;0;0,7;351;9,6; ; 
50540;11.05.2016-06:00;0;0,3;23;10,6; ; 
50540;11.05.2016-07:00;0;0,4;84;12; ; 
50540;11.05.2016-08:00;0;0,4;18;15,2; ; 
50540;11.05.2016-09:00;0;0,6;309;17,8; ; 
50540;11.05.2016-10:00;0;0,6;315;20,4; ; 
50540;11.05.2016-11:00;0;2,5;197;21,3; ; 
50540;11.05.2016-12:00;0;4,3;168;20,7; ; 
50540;11.05.2016-13:00;0;3,4;204;21,4; ; 
50540;11.05.2016-14:00;0;2,6;254;22; ; 
50540;11.05.2016-15:00;0;3,1;329;21,5; ; 
50540;11.05.2016-16:00;0;5,3;338;20; ; 
50540;11.05.2016-17:00;0;4,6;328;20,3; ; 
50540;11.05.2016-18:00;0;4,5;315;17,5; ; 
50540;11.05.2016-19:00;0;2,3;302;16; ; 
50540;11.05.2016-20:00;0;3,1;313;15; ; 
50540;11.05.2016-21:00;0;2,6;320;13,3; ; 
50540;11.05.2016-22:00;0;2;310;12,4; ; 
50540;11.05.2016-23:00;0;1,2;320;11,2; ; 
50540;12.05.2016-00:00;0;1,9;317;10,7; ; 
50540;12.05.2016-01:00;0;1,6;313;10,1; ; 
50540;12.05.2016-02:00;0;1,4;297;9,3; ; 
50540;12.05.2016-03:00;0;0,6;141;8; ; 
50540;12.05.2016-04:00;0;0,7;319;7,8; ; 
50540;12.05.2016-05:00;0;2,6;309;8,6; ; 
50540;12.05.2016-06:00;0;1,4;284;9,6; ; 
50540;12.05.2016-07:00;0;1,7;296;9,6; ; 
50540;12.05.2016-08:00;0;2,4;298;10; ; 
50540;12.05.2016-09:00;0;2,1;308;12,3; ; 
50540;12.05.2016-10:00;0;2,4;295;12,8; ; 
50540;12.05.2016-11:00;0;3,4;315;14,7; ; 
50540;12.05.2016-12:00;0;4,7;298;14,5; ; 
50540;12.05.2016-13:00;0;5,5;333;15,6; ; 
50540;12.05.2016-14:00;0;6,4;333;14,8; ; 
50540;12.05.2016-15:00;0;4,4;323;13,5; ; 
50540;12.05.2016-16:00;0;4,9;320;12; ; 
50540;12.05.2016-17:00;0;4,9;328;11,1; ; 
50540;12.05.2016-18:00;0;6;321;10,7; ; 
50540;12.05.2016-19:00;0;5,5;323;10,1; ; 
50540;12.05.2016-20:00;0;6,7;334;9; ; 
50540;12.05.2016-21:00;0;6;332;7,6; ; 
50540;12.05.2016-22:00;0;5,5;331;6,7; ; 
50540;12.05.2016-23:00;0;4,5;337;6,5; ; 
50540;13.05.2016-00:00;0;1,7;313;6; ; 
50540;13.05.2016-01:00;0;3,1;340;5,7; ; 
50540;13.05.2016-02:00;0;5,7;341;5,8; ; 
50540;13.05.2016-03:00;0;5,3;332;5,4; ; 
50540;13.05.2016-04:00;0;6,1;330;5,2; ; 
50540;13.05.2016-05:00;0;8,3;332;5,5; ; 
50540;13.05.2016-06:00;0;8,1;332;5,7; ; 
50540;13.05.2016-07:00;0;7,9;330;6,2; ; 
50540;13.05.2016-08:00;0;8;328;7,6; ; 
50540;13.05.2016-09:00;0;8,4;322;7,9; ; 
50540;13.05.2016-10:00;0;7,7;321;9,8; ; 
50540;13.05.2016-11:00;0;7,2;320;10,7; ; 
50540;13.05.2016-12:00;0;8,2;321;10,5; ; 
50540;13.05.2016-13:00;0;7,8;314;11,2; ; 
50540;13.05.2016-14:00;0;8,2;321;10,8; ; 
50540;13.05.2016-15:00;0;7,9;324;9,5; ; 
50540;13.05.2016-16:00;0;9;323;9,2; ; 
50540;13.05.2016-17:00;0;7,7;328;8,6; ; 
50540;13.05.2016-18:00;0;9;328;8,4; ; 
50540;13.05.2016-19:00;0;8,1;333;7,4; ; 
50540;13.05.2016-20:00;0;8,2;331;6,9; ; 
50540;13.05.2016-21:00;0;8,4;334;6,4; ; 
50540;13.05.2016-22:00;0;6,1;336;5,7; ; 
50540;13.05.2016-23:00;0;5,6;330;5,4; ; 
50540;14.05.2016-00:00;0;5,3;322;5,4; ; 
50540;14.05.2016-01:00;0;3,8;332;4,8; ; 
50540;14.05.2016-02:00;0;3,9;339;4,5; ; 
50540;14.05.2016-03:00;0;5,7;346;4,5; ; 
50540;14.05.2016-04:00;0;4,4;345;4,5; ; 
50540;14.05.2016-05:00;0;2,5;315;4,1; ; 
50540;14.05.2016-06:00;0;4,7;330;5; ; 
50540;14.05.2016-07:00;0;4,7;335;6,1; ; 
50540;14.05.2016-08:00;0;4,3;330;8,4; ; 
50540;14.05.2016-09:00;0;5,6;328;9,4; ; 
50540;14.05.2016-10:00;0;6,5;321;10,4; ; 
50540;14.05.2016-11:00;0;6,3;322;11,5; ; 
50540;14.05.2016-12:00;0;7,5;318;11,5; ; 
50540;14.05.2016-13:00;0;7,1;317;11; ; 
50540;14.05.2016-14:00;0;6,7;318;12; ; 
50540;14.05.2016-15:00;0;7,8;322;11,9; ; 
50540;14.05.2016-16:00;0;7,4;328;12,2; ; 
50540;14.05.2016-17:00;0;7,7;324;11,1; ; 
50540;14.05.2016-18:00;0;8,6;322;9,5; ; 
50540;14.05.2016-19:00;0;8,6;330;9,2; ; 
50540;14.05.2016-20:00;0;7,9;329;8; ; 
50540;14.05.2016-21:00;0;4,4;327;7,8; ; 
50540;14.05.2016-22:00;0;5,3;333;6,7; ; 
50540;14.05.2016-23:00;0;1,8;302;6,2; ; 
50540;15.05.2016-00:00;0;3,5;280;5,8; ; 
50540;15.05.2016-01:00;0;3,4;309;5,6; ; 
50540;15.05.2016-02:00;0;3,1;303;5,3; ; 
50540;15.05.2016-03:00;0;3,5;310;4,7; ; 
50540;15.05.2016-04:00;0;3,2;316;4,5; ; 
50540;15.05.2016-05:00;0;3,4;309;4,9; ; 
50540;15.05.2016-06:00;0;2;340;6; ; 
50540;15.05.2016-07:00;0;3,3;292;7,3; ; 
50540;15.05.2016-08:00;0;3,5;307;9,6; ; 
50540;15.05.2016-09:00;0;4,4;324;10,9; ; 
50540;15.05.2016-10:00;0;3,5;307;11,7; ; 
50540;15.05.2016-11:00;0;5,3;307;12,4; ; 
50540;15.05.2016-12:00;0;5;307;12,4; ; 
50540;15.05.2016-13:00;0;5,1;309;14,2; ; 
50540;15.05.2016-14:00;0;6;311;14,1; ; 
50540;15.05.2016-15:00;0;6,8;313;13,3; ; 
50540;15.05.2016-16:00;0;5,1;313;13,5; ; 
50540;15.05.2016-17:00;0;5,5;313;12,1; ; 
50540;15.05.2016-18:00;0;6,1;314;10,5; ; 
50540;15.05.2016-19:00;0;5;310;9,3; ; 
50540;15.05.2016-20:00;0;4;307;8,6; ; 
50540;15.05.2016-21:00;0;3,8;308;7,6; ; 
50540;15.05.2016-22:00;0;3,2;307;7; ; 
50540;15.05.2016-23:00;0;1,9;314;6,1; ; 
50540;16.05.2016-00:00;0;3,3;332;5,7; ; 
50540;16.05.2016-01:00;0;2,5;339;5,3; ; 
50540;16.05.2016-02:00;0;1,9;315;5,1; ; 
50540;16.05.2016-03:00;0;3;324;5,3; ; 
50540;16.05.2016-04:00;0;3,4;342;6,2; ; 
50540;16.05.2016-05:00;0;3,8;337;6,4; ; 
50540;16.05.2016-06:00;0;3,8;339;6,7; ; 
50540;16.05.2016-07:00;0;2,8;339;7; ; 
50540;16.05.2016-08:00;0;2,3;355;7,3; ; 
50540;16.05.2016-09:00;0;2,3;297;8,7; ; 
50540;16.05.2016-10:00;0;2,7;300;9,8; ; 
50540;16.05.2016-11:00;0;3,3;288;10,7; ; 
50540;16.05.2016-12:00;0;4;302;11,5; ; 
50540;16.05.2016-13:00;0;5;306;12,6; ; 
50540;16.05.2016-14:00;0;5,2;301;12,8; ; 
50540;16.05.2016-15:00;0;5,2;283;11,9; ; 
50540;16.05.2016-16:00;0;4,7;301;11,9; ; 
50540;16.05.2016-17:00;0;4,5;302;11; ; 
50540;16.05.2016-18:00;0;2,9;287;10,3; ; 
50540;16.05.2016-19:00;0;3,6;296;9; ; 
50540;16.05.2016-20:00;0;2,8;293;8,3; ; 
50540;16.05.2016-21:00;0;3;307;7,6; ; 
50540;16.05.2016-22:00;0;1,5;287;6,9; ; 
50540;16.05.2016-23:00;0;1;62;7,1; ; 
50540;17.05.2016-00:00;0;1,7;293;7,6; ; 
50540;17.05.2016-01:00;0;2,1;235;7,4; ; 
50540;17.05.2016-02:00;0;1;213;7; ; 
50540;17.05.2016-03:00;0;2,3;149;7,1; ; 
50540;17.05.2016-04:00;0,4;1,5;311;6,6; ; 
50540;17.05.2016-05:00;0;0,4;291;6,5; ; 
50540;17.05.2016-06:00;0;1;277;6,8; ; 
50540;17.05.2016-07:00;0;1,6;270;7,2; ; 
50540;17.05.2016-08:00;0;2,3;340;8; ; 
50540;17.05.2016-09:00;0;1,5;289;9,7; ; 
50540;17.05.2016-10:00;0;2,9;307;8,4; ; 
50540;17.05.2016-11:00;0;1,9;246;9,4; ; 
50540;17.05.2016-12:00;0;2,2;315;10,4; ; 
50540;17.05.2016-13:00;0,1;2,2;315;9,9; ; 
50540;17.05.2016-14:00;0;2,3;294;9,8; ; 
50540;17.05.2016-15:00;0;2,2;312;9,5; ; 
50540;17.05.2016-16:00;0;4;309;8,7; ; 
50540;17.05.2016-17:00;0,1;4,3;327;8,3; ; 
50540;17.05.2016-18:00;0;3;336;8,1; ; 
50540;17.05.2016-19:00;0;1,3;330;8,3; ; 
50540;17.05.2016-20:00;0;2,2;295;7,7; ; 
50540;17.05.2016-21:00;0;2,7;302;7,5; ; 
50540;17.05.2016-22:00;0;2,8;315;6,8; ; 
50540;17.05.2016-23:00;0;1,5;355;6,8; ; 
50540;18.05.2016-00:00;0;1,6;320;6,4; ; 
50540;18.05.2016-01:00;0;1;215;6,4; ; 
50540;18.05.2016-02:00;0;0,8;220;6,2; ; 
50540;18.05.2016-03:00;0;1;196;6,4; ; 
50540;18.05.2016-04:00;0;0,7;173;6,2; ; 
50540;18.05.2016-05:00;0;0,5;222;5,9; ; 
50540;18.05.2016-06:00;0,3;1,3;273;6,3; ; 
50540;18.05.2016-07:00;0,3;1,7;300;6,4; ; 
50540;18.05.2016-08:00;0,4;1,4;306;6,9; ; 
50540;18.05.2016-09:00;0,5;1,2;240;7,2; ; 
50540;18.05.2016-10:00;0,2;1;303;8,6; ; 
50540;18.05.2016-11:00;0,1;1;268;8,8; ; 
50540;18.05.2016-12:00;0,4;2,3;293;9,4; ; 
50540;18.05.2016-13:00;0;2;293;9; ; 
50540;18.05.2016-14:00;0,8;2,5;339;8,9; ; 
50540;18.05.2016-15:00;0,9;2,5;298;9; ; 
50540;18.05.2016-16:00;0,8;2,9;313;9,3; ; 
50540;18.05.2016-17:00;0,4;2,8;287;9; ; 
50540;18.05.2016-18:00;0,9;3;274;9; ; 
50540;18.05.2016-19:00;0,8;2,5;296;8,4; ; 
50540;18.05.2016-20:00;1,5;1,2;304;8,3; ; 
50540;18.05.2016-21:00;0,6;1,7;324;8,2; ; 
50540;18.05.2016-22:00;0,2;3,4;328;7,9; ; 
50540;18.05.2016-23:00;0,2;4,1;330;7,6; ; 
50540;19.05.2016-00:00;0,5;3;299;7,5; ; 
50540;19.05.2016-01:00;0;1,4;304;7,4; ; 
50540;19.05.2016-02:00;0;1,8;326;7,2; ; 
50540;19.05.2016-03:00;0;3,5;312;6,8; ; 
50540;19.05.2016-04:00;0;3,2;320;6,7; ; 
50540;19.05.2016-05:00;0;2,2;310;6,7; ; 
50540;19.05.2016-06:00;0;2,8;311;6,6; ; 
50540;19.05.2016-07:00;0;2;308;7,1; ; 
50540;19.05.2016-08:00;0;1,5;318;10,1; ; 
50540;19.05.2016-09:00;0;2,6;296;10,4; ; 
50540;19.05.2016-10:00;0;2,9;303;11; ; 
50540;19.05.2016-11:00;0;2;338;12,8; ; 
50540;19.05.2016-12:00;0;2,5;308;13,9; ; 
50540;19.05.2016-13:00;0;2,7;349;13,7; ; 
50540;19.05.2016-14:00;0;3,7;174;14,3; ; 
50540;19.05.2016-15:00;0;4,5;160;14,7; ; 
50540;19.05.2016-16:00;0;3;215;14,5; ; 
50540;19.05.2016-17:00;0;3,6;178;14,1; ; 
50540;19.05.2016-18:00;0;4,1;181;13,5; ; 
50540;19.05.2016-19:00;0;4,8;167;12; ; 
50540;19.05.2016-20:00;0;6,1;168;11; ; 
50540;19.05.2016-21:00;0;4,4;169;10,6; ; 
50540;19.05.2016-22:00;0;3,5;157;8,9; ; 
50540;19.05.2016-23:00;0;2,5;164;9,3; ; 
50540;20.05.2016-00:00;0;2,4;137;9,7; ; 
50540;20.05.2016-01:00;0;3;155;10,5; ; 
50540;20.05.2016-02:00;0,4;3,2;159;10,7; ; 
50540;20.05.2016-03:00;0,2;3,4;172;10,7; ; 
50540;20.05.2016-04:00;1,4;3;152;10,2; ; 
50540;20.05.2016-05:00;0,5;2,7;157;10,2; ; 
50540;20.05.2016-06:00;1,5;3,1;153;10,3; ; 
50540;20.05.2016-07:00;1,5;3,6;169;10,4; ; 
50540;20.05.2016-08:00;1,8;3,5;161;10,6; ; 
50540;20.05.2016-09:00;0,8;2,8;146;11; ; 
50540;20.05.2016-10:00;1;4,6;150;10,7; ; 
50540;20.05.2016-11:00;1;3,6;178;10,7; ; 
50540;20.05.2016-12:00;0,9;5;169;10,6; ; 
50540;20.05.2016-13:00;3;3,9;155;10,6; ; 
50540;20.05.2016-14:00;2,8;4,2;165;10,3; ; 
50540;20.05.2016-15:00;0,1;2,6;190;10,3; ; 
50540;20.05.2016-16:00;0;1,7;172;10,7; ; 
50540;20.05.2016-17:00;0;1,6;173;11,4; ; 
50540;20.05.2016-18:00;0;2,5;186;11,5; ; 
50540;20.05.2016-19:00;0;2,2;181;10,4; ; 
50540;20.05.2016-20:00;0,4;3,2;168;10,1; ; 
50540;20.05.2016-21:00;0,2;2,2;180;9,8; ; 
50540;20.05.2016-22:00;0,1;3,6;170;9,8; ; 
50540;20.05.2016-23:00;0;3,2;159;9,7; ; 
50540;21.05.2016-00:00;0;4,2;177;9,3; ; 
50540;21.05.2016-01:00;0;4,3;161;9,4; ; 
50540;21.05.2016-02:00;0;3,1;146;9; ; 
50540;21.05.2016-03:00;0;3,3;160;8,9; ; 
50540;21.05.2016-04:00;0;2,6;160;8,9; ; 
50540;21.05.2016-05:00;0;2,2;156;9,1; ; 
50540;21.05.2016-06:00;0;3,6;148;9,4; ; 
50540;21.05.2016-07:00;0;3,4;150;10,6; ; 
50540;21.05.2016-08:00;0;5,5;148;12,5; ; 
50540;21.05.2016-09:00;0;6,5;141;13; ; 
50540;21.05.2016-10:00;0;5,1;138;13,6; ; 
50540;21.05.2016-11:00;0;4,5;143;14,2; ; 
50540;21.05.2016-12:00;0;7,1;135;14,7; ; 
50540;21.05.2016-13:00;0;5,8;142;15,5; ; 
50540;21.05.2016-14:00;0;6,1;143;15,3; ; 
50540;21.05.2016-15:00;0;5,8;149;14,8; ; 
50540;21.05.2016-16:00;0;6,8;155;15,3; ; 
50540;21.05.2016-17:00;0;8,9;144;14,4; ; 
50540;21.05.2016-18:00;0,1;6,3;137;12,9; ; 
50540;21.05.2016-19:00;0;7,7;150;12,6; ; 
50540;21.05.2016-20:00;0;6;151;12,1; ; 
50540;21.05.2016-21:00;0;4,1;154;12,3; ; 
50540;21.05.2016-22:00;0;4,1;160;12,1; ; 
50540;21.05.2016-23:00;0,6;4;169;11,7; ; 
50540;22.05.2016-00:00;0,1;4,3;158;11,7; ; 
50540;22.05.2016-01:00;0;5,2;169;12,2; ; 
50540;22.05.2016-02:00;0;4,8;163;12,7; ; 
50540;22.05.2016-03:00;0;5,8;166;13,1; ; 
50540;22.05.2016-04:00;0;4,6;161;13,3; ; 
50540;22.05.2016-05:00;1,4;4;172;12,5; ; 
50540;22.05.2016-06:00;4,2;2,9;204;11,8; ; 
50540;22.05.2016-07:00;3,5;2,3;147;11,6; ; 
50540;22.05.2016-08:00;0,6;5,9;169;11,8; ; 
50540;22.05.2016-09:00;1,7;3,6;149;11,9; ; 
50540;22.05.2016-10:00;1,1;3,7;167;12,2; ; 
50540;22.05.2016-11:00;0,7;3,7;153;13,1; ; 
50540;22.05.2016-12:00;0,1;3,2;166;13,3; ; 
50540;22.05.2016-13:00;0,6;3,3;170;12,8; ; 
50540;22.05.2016-14:00;0,8;2,4;131;13; ; 
50540;22.05.2016-15:00;0,2;1;313;13,2; ; 
50540;22.05.2016-16:00;0,2;1,7;336;13,1; ; 
50540;22.05.2016-17:00;0,2;1,6;320;12,7; ; 
50540;22.05.2016-18:00;0,2;2,5;308;12,4; ; 
50540;22.05.2016-19:00;0;3,4;305;12; ; 
50540;22.05.2016-20:00;0;3,8;314;12,1; ; 
50540;22.05.2016-21:00;0;2,7;307;11,5; ; 
50540;22.05.2016-22:00;0,1;3,3;321;11,3; ; 
50540;22.05.2016-23:00;0,1;2,5;319;11; ; 
50540;23.05.2016-00:00;0;2,6;312;11; ; 
50540;23.05.2016-01:00;0;2,7;321;10,9; ; 
50540;23.05.2016-02:00;0;3,5;328;10,5; ; 
50540;23.05.2016-03:00;0;3,2;327;10,1; ; 
50540;23.05.2016-04:00;0;5,8;331;9,7; ; 
50540;23.05.2016-05:00;0;4,4;333;9,5; ; 
50540;23.05.2016-06:00;0;4,6;325;9,3; ; 
50540;23.05.2016-07:00;0;3,2;318;9,5; ; 
50540;23.05.2016-08:00;0;5,1;327;9,9; ; 
50540;23.05.2016-09:00;0;6,9;334;10; ; 
50540;23.05.2016-10:00;0;5,9;327;10,4; ; 
50540;23.05.2016-11:00;0;5;326;11,1; ; 
50540;23.05.2016-12:00;0;5,7;321;11,6; ; 
50540;23.05.2016-13:00;0;6,7;321;12; ; 
50540;23.05.2016-14:00;0;6,6;314;13; ; 
50540;23.05.2016-15:00;0;6,6;320;14,2; ; 
50540;23.05.2016-16:00;0;7,4;318;12,7; ; 
50540;23.05.2016-17:00;0;7,8;322;12,2; ; 
50540;23.05.2016-18:00;0;8,3;320;12; ; 
50540;23.05.2016-19:00;0;8,7;327;11,4; ; 
50540;23.05.2016-20:00;0;7;325;10,6; ; 
50540;23.05.2016-21:00;0;7,9;329;9,2; ; 
50540;23.05.2016-22:00;0;4,8;322;8,2; ; 
50540;23.05.2016-23:00;0;5,6;323;7,7; ; 
50540;24.05.2016-00:00;0;5,2;320;7,4; ; 
50540;24.05.2016-01:00;0;4,7;319;7,2; ; 
50540;24.05.2016-02:00;0;4,8;327;7,2; ; 
50540;24.05.2016-03:00;0;4,7;320;7; ; 
50540;24.05.2016-04:00;0;4,7;332;6,8; ; 
50540;24.05.2016-05:00;0;5,1;321;7,1; ; 
50540;24.05.2016-06:00;0;3,8;327;7,3; ; 
50540;24.05.2016-07:00;0;3,7;291;8,6; ; 
50540;24.05.2016-08:00;0;4,1;324;11,7; ; 
50540;24.05.2016-09:00;0;4,4;325;13,4; ; 
50540;24.05.2016-10:00;0;5,1;313;14,7; ; 
50540;24.05.2016-11:00;0;6,3;314;15,2; ; 
50540;24.05.2016-12:00;0;6,1;310;16,2; ; 
50540;24.05.2016-13:00;0;6,8;311;16,8; ; 
50540;24.05.2016-14:00;0;5;309;17,7; ; 
50540;24.05.2016-15:00;0;6,7;310;17,6; ; 
50540;24.05.2016-16:00;0;6;308;17,5; ; 
50540;24.05.2016-17:00;0;5,5;310;17; ; 
50540;24.05.2016-18:00;0;4,5;314;15,4; ; 
50540;24.05.2016-19:00;0;5,6;312;14,4; ; 
50540;24.05.2016-20:00;0;4,8;294;13,5; ; 
50540;24.05.2016-21:00;0;4,2;319;12,7; ; 
50540;24.05.2016-22:00;0;3,3;282;11,4; ; 
50540;24.05.2016-23:00;0;2,8;310;11,5; ; 
50540;25.05.2016-00:00;0;2,5;313;11; ; 
50540;25.05.2016-01:00;0;2,4;341;11; ; 
50540;25.05.2016-02:00;0;1;242;9,7; ; 
50540;25.05.2016-03:00;0;0,8;209;8,3; ; 
50540;25.05.2016-04:00;0;1,2;123;8,1; ; 
50540;25.05.2016-05:00;0;2,6;167;8,4; ; 
50540;25.05.2016-06:00;0;2,9;142;9,9; ; 
50540;25.05.2016-07:00;0;5,5;84;14; ; 
50540;25.05.2016-08:00;0;4,7;95;16,2; ; 
50540;25.05.2016-09:00;0;6,4;86;16,8; ; 
50540;25.05.2016-10:00;0;4;76;17,4; ; 
50540;25.05.2016-11:00;0;3,6;87;19,1; ; 
50540;25.05.2016-12:00;0;3,3;84;19,8; ; 
50540;25.05.2016-13:00;0;3,3;106;20,1; ; 
50540;25.05.2016-14:00;0;3,9;93;20,7; ; 
50540;25.05.2016-15:00;0;1,2;44;21,5; ; 
50540;25.05.2016-16:00;0;1,9;184;21,3; ; 
50540;25.05.2016-17:00;0;3,5;73;20,9; ; 
50540;25.05.2016-18:00;0;3,9;62;19,6; ; 
50540;25.05.2016-19:00;0;3,4;78;18,9; ; 
50540;25.05.2016-20:00;0;2,2;54;18,2; ; 
50540;25.05.2016-21:00;0;2,4;82;16; ; 
50540;25.05.2016-22:00;0;1,5;135;14,7; ; 
50540;25.05.2016-23:00;0;1,5;152;12,6; ; 
50540;26.05.2016-00:00;0;0,9;166;11,6; ; 
50540;26.05.2016-01:00;0;0,9;180;10,6; ; 
50540;26.05.2016-02:00;0;1,8;133;10,1; ; 
50540;26.05.2016-03:00;0;1,5;142;9,4; ; 
50540;26.05.2016-04:00;0;2,5;124;9; ; 
50540;26.05.2016-05:00;0;2,4;120;10,1; ; 
50540;26.05.2016-06:00;0;4;141;12,4; ; 
50540;26.05.2016-07:00;0;2,7;124;13,8; ; 
50540;26.05.2016-08:00;0;4,2;153;16; ; 
50540;26.05.2016-09:00;0;4,2;154;16,8; ; 
50540;26.05.2016-10:00;0;4,1;160;17,5; ; 
50540;26.05.2016-11:00;0;3,9;167;18,2; ; 
50540;26.05.2016-12:00;0;3,1;195;18,4; ; 
50540;26.05.2016-13:00;0;3,8;172;18,7; ; 
50540;26.05.2016-14:00;0;4,4;164;18,7; ; 
50540;26.05.2016-15:00;0;2,3;226;19; ; 
50540;26.05.2016-16:00;0;2,9;215;19,1; ; 
50540;26.05.2016-17:00;0;4,7;336;18,1; ; 
50540;26.05.2016-18:00;0;3,3;323;16,1; ; 
50540;26.05.2016-19:00;0;2,6;304;15; ; 
50540;26.05.2016-20:00;0;2,3;292;14,1; ; 
50540;26.05.2016-21:00;0;2,2;304;13,1; ; 
50540;26.05.2016-22:00;0;0,7;356;12,1; ; 
50540;26.05.2016-23:00;0;1,5;120;11,1; ; 
50540;27.05.2016-00:00;0;1,4;135;10,1; ; 
50540;27.05.2016-01:00;0;1,2;150;9,2; ; 
50540;27.05.2016-02:00;0;1,7;144;9,2; ; 
50540;27.05.2016-03:00;0;0,8;153;8,6; ; 
50540;27.05.2016-04:00;0;1,7;150;8,2; ; 
50540;27.05.2016-05:00;0;0,9;142;8,2; ; 
50540;27.05.2016-06:00;0;0,4;60;8,8; ; 
50540;27.05.2016-07:00;0;1,3;332;10; ; 
50540;27.05.2016-08:00;0;1,6;319;12,1; ; 
50540;27.05.2016-09:00;0;1,7;306;13,2; ; 
50540;27.05.2016-10:00;0;1,5;310;15,8; ; 
50540;27.05.2016-11:00;0;3,1;338;17,7; ; 
50540;27.05.2016-12:00;0;3,1;320;18,6; ; 
50540;27.05.2016-13:00;0;3,6;337;18,5; ; 
50540;27.05.2016-14:00;0;4,3;320;18,9; ; 
50540;27.05.2016-15:00;0;3,7;322;18,9; ; 
50540;27.05.2016-16:00;0;4,6;339;18,7; ; 
50540;27.05.2016-17:00;0;3,2;307;19; ; 
50540;27.05.2016-18:00;0;3,3;313;16,8; ; 
50540;27.05.2016-19:00;0;2,8;316;15,8; ; 
50540;27.05.2016-20:00;0;2,1;310;14,9; ; 
50540;27.05.2016-21:00;0;2,6;323;13,7; ; 
50540;27.05.2016-22:00;0;2,3;310;11,9; ; 
50540;27.05.2016-23:00;0;1,7;311;10,5; ; 
50540;28.05.2016-00:00;0;1,5;311;9,7; ; 
50540;28.05.2016-01:00;0;1,9;291;9,7; ; 
50540;28.05.2016-02:00;0;1,3;291;9,4; ; 
50540;28.05.2016-03:00;0;0,9;282;9,2; ; 
50540;28.05.2016-04:00;0;1,4;255;8,7; ; 
50540;28.05.2016-05:00;0;1,2;244;9,1; ; 
50540;28.05.2016-06:00;0;0,7;218;9,5; ; 
50540;28.05.2016-07:00;0;0,5;176;11; ; 
50540;28.05.2016-08:00;0;1,1;283;11,9; ; 
50540;28.05.2016-09:00;0;1;307;14,6; ; 
50540;28.05.2016-10:00;0;2;330;15,4; ; 
50540;28.05.2016-11:00;0;1;326;16,3; ; 
50540;28.05.2016-12:00;0;3,6;163;15,8; ; 
50540;28.05.2016-13:00;0,2;4,1;135;13,6; ; 
50540;28.05.2016-14:00;2,1;5,1;152;11,3; ; 
50540;28.05.2016-15:00;1,5;2,8;142;10,3; ; 
50540;28.05.2016-16:00;0,1;4,3;144;11,5; ; 
50540;28.05.2016-17:00;0,1;4,1;151;12,4; ; 
50540;28.05.2016-18:00;0;3,6;144;12,5; ; 
50540;28.05.2016-19:00;0;3,1;155;12,5; ; 
50540;28.05.2016-20:00;0;1,9;148;11,8; ; 
50540;28.05.2016-21:00;0;0,6;217;10,8; ; 
50540;28.05.2016-22:00;0;1,2;158;10,4; ; 
50540;28.05.2016-23:00;0;1,8;153;10,1; ; 
50540;29.05.2016-00:00;0;1,5;156;9,7; ; 
50540;29.05.2016-01:00;0;1,4;275;9,4; ; 
50540;29.05.2016-02:00;0;0,6;129;9; ; 
50540;29.05.2016-03:00;0;0,5;313;8,5; ; 
50540;29.05.2016-04:00;0;0,4;66;8,4; ; 
50540;29.05.2016-05:00;0;0,3;352;9,2; ; 
50540;29.05.2016-06:00;0;0,4;52;9,9; ; 
50540;29.05.2016-07:00;0;0,9;316;11; ; 
50540;29.05.2016-08:00;0;1,3;103;15,4; ; 
50540;29.05.2016-09:00;0;0,6;360;18; ; 
50540;29.05.2016-10:00;0;1,4;275;19,3; ; 
50540;29.05.2016-11:00;0;0,7;84;20,9; ; 
50540;29.05.2016-12:00;0;0,6;56;21; ; 
50540;29.05.2016-13:00;0;3;305;21,6; ; 
50540;29.05.2016-14:00;0;3,5;352;20,9; ; 
50540;29.05.2016-15:00;0;1,9;345;20,2; ; 
50540;29.05.2016-16:00;0;2,5;312;20,2; ; 
50540;29.05.2016-17:00;0;2,4;259;21,6; ; 
50540;29.05.2016-18:00;0;1,8;177;20,2; ; 
50540;29.05.2016-19:00;0;2;70;19,8; ; 
50540;29.05.2016-20:00;0;2,2;120;18,3; ; 
50540;29.05.2016-21:00;0;1,5;116;16,5; ; 
50540;29.05.2016-22:00;0;4,4;72;16,4; ; 
50540;29.05.2016-23:00;0;1,5;131;15; ; 
50540;30.05.2016-00:00;0;0,4;5;14; ; 
50540;30.05.2016-01:00;0;1;215;12,7; ; 
50540;30.05.2016-02:00;0;1,1;326;11,9; ; 
50540;30.05.2016-03:00;0;1,1;126;11,3; ; 
50540;30.05.2016-04:00;0;0,4;136;11; ; 
50540;30.05.2016-05:00;0;0,4;259;11,6; ; 
50540;30.05.2016-06:00;0;0,4;315;12,3; ; 
50540;30.05.2016-07:00;0;0,7;146;14,1; ; 
50540;30.05.2016-08:00;0;0,7;173;17,1; ; 
50540;30.05.2016-09:00;0;2;291;19,4; ; 
50540;30.05.2016-10:00;0;1,9;284;19; ; 
50540;30.05.2016-11:00;0;1,3;338;19,8; ; 
50540;30.05.2016-12:00;0;0,4;3;20; ; 
50540;30.05.2016-13:00;0,2;2,7;87;18,9; ; 
50540;30.05.2016-14:00;0,2;2,7;64;18,1; ; 
50540;30.05.2016-15:00;0,5;2;82;16,8; ; 
50540;30.05.2016-16:00;0;5,1;79;17; ; 
50540;30.05.2016-17:00;0;3,5;83;16,7; ; 
50540;30.05.2016-18:00;0,2;0,3;32;16,2; ; 
50540;30.05.2016-19:00;0,5;1,9;319;15,1; ; 
50540;30.05.2016-20:00;0,5;1,5;175;14,9; ; 
50540;30.05.2016-21:00;0,1;0,5;344;14,3; ; 
50540;30.05.2016-22:00;0,1;1,1;308;14,1; ; 
50540;30.05.2016-23:00;0;0,5;313;14; ; 
50540;31.05.2016-00:00;0;0,3;342;14,1; ; 
50540;31.05.2016-01:00;0;1,6;95;14,2; ; 
50540;31.05.2016-02:00;0;1;323;14,1; ; 
50540;31.05.2016-03:00;0,1;1,9;301;13,7; ; 
50540;31.05.2016-04:00;2,5;0,9;297;13,6; ; 
50540;31.05.2016-05:00;2,1;1;311;13,6; ; 
50540;31.05.2016-06:00;1,2;1,5;311;13,5; ; 
50540;31.05.2016-07:00;0,5;0,8;289;13,7; ; 
50540;31.05.2016-08:00;0,2;1,5;300;14,3; ; 
50540;31.05.2016-09:00;0,3;1,4;332;15,7; ; 
50540;31.05.2016-10:00;0;1,6;283;16,4; ; 
50540;31.05.2016-11:00;0;1,4;314;16,2; ; 
50540;31.05.2016-12:00;0;2;297;16,9; ; 
50540;31.05.2016-13:00;0;2,6;300;19,5; ; 
50540;31.05.2016-14:00;0;2,5;292;20,2; ; 
50540;31.05.2016-15:00;0;3;317;22,4; ; 
50540;31.05.2016-16:00;0;3,3;315;22,6; ; 
50540;31.05.2016-17:00;0;4,2;313;21,9; ; 
50540;31.05.2016-18:00;0;3,7;309;21,4; ; 
50540;31.05.2016-19:00;0;4;305;20,7; ; 
50540;31.05.2016-20:00;0;3,4;330;18,8; ; 
50540;31.05.2016-21:00;0;2,8;322;18; ; 
50540;31.05.2016-22:00;0;3,5;303;17,1; ; 
50540;31.05.2016-23:00;0;1,3;317;16,8; ;