Fra-tid;Til-tid;Rådhuset | NO2 | µg.m³
2016.05.01 00:00;2016.05.01 01:00;14.18
2016.05.01 01:00;2016.05.01 02:00;14.57
2016.05.01 02:00;2016.05.01 03:00;11.01
2016.05.01 03:00;2016.05.01 04:00;8.44
2016.05.01 04:00;2016.05.01 05:00;5.66
2016.05.01 05:00;2016.05.01 06:00;6.26
2016.05.01 06:00;2016.05.01 07:00;8.05
2016.05.01 07:00;2016.05.01 08:00;8.65
2016.05.01 08:00;2016.05.01 09:00;10.03
2016.05.01 09:00;2016.05.01 10:00;8.85
2016.05.01 10:00;2016.05.01 11:00;10.43
2016.05.01 11:00;2016.05.01 12:00;8.86
2016.05.01 12:00;2016.05.01 13:00;8.26
2016.05.01 13:00;2016.05.01 14:00;9.46
2016.05.01 14:00;2016.05.01 15:00;9.26
2016.05.01 15:00;2016.05.01 16:00;8.27
2016.05.01 16:00;2016.05.01 17:00;9.87
2016.05.01 17:00;2016.05.01 18:00;12.26
2016.05.01 18:00;2016.05.01 19:00;10.07
2016.05.01 19:00;2016.05.01 20:00;8.09
2016.05.01 20:00;2016.05.01 21:00;9.88
2016.05.01 21:00;2016.05.01 22:00;7.70
2016.05.01 22:00;2016.05.01 23:00;5.50
2016.05.01 23:00;2016.05.02 00:00;4.51
2016.05.02 00:00;2016.05.02 01:00;3.32
2016.05.02 01:00;2016.05.02 02:00;2.33
2016.05.02 02:00;2016.05.02 03:00;2.93
2016.05.02 03:00;2016.05.02 04:00;4.52
2016.05.02 04:00;2016.05.02 05:00;5.72
2016.05.02 05:00;2016.05.02 06:00;15.30
2016.05.02 06:00;2016.05.02 07:00;25.27
2016.05.02 07:00;2016.05.02 08:00;31.85
2016.05.02 08:00;2016.05.02 09:00;23.89
2016.05.02 09:00;2016.05.02 10:00;25.29
2016.05.02 10:00;2016.05.02 11:00;19.31
2016.05.02 11:00;2016.05.02 12:00;20.71
2016.05.02 12:00;2016.05.02 13:00;20.11
2016.05.02 13:00;2016.05.02 14:00;27.31
2016.05.02 14:00;2016.05.02 15:00;24.92
2016.05.02 15:00;2016.05.02 16:00;26.52
2016.05.02 16:00;2016.05.02 17:00;26.53
2016.05.02 17:00;2016.05.02 18:00;17.75
2016.05.02 18:00;2016.05.02 19:00;18.55
2016.05.02 19:00;2016.05.02 20:00;14.36
2016.05.02 20:00;2016.05.02 21:00;12.96
2016.05.02 21:00;2016.05.02 22:00;12.17
2016.05.02 22:00;2016.05.02 23:00;10.37
2016.05.02 23:00;2016.05.03 00:00;8.57
2016.05.03 00:00;2016.05.03 01:00;6.17
2016.05.03 01:00;2016.05.03 02:00;4.97
2016.05.03 02:00;2016.05.03 03:00;4.57
2016.05.03 03:00;2016.05.03 04:00;12.40
2016.05.03 04:00;2016.05.03 05:00;16.81
2016.05.03 05:00;2016.05.03 06:00;39.27
2016.05.03 06:00;2016.05.03 07:00;54.05
2016.05.03 07:00;2016.05.03 08:00;57.29
2016.05.03 08:00;2016.05.03 09:00;53.30
2016.05.03 09:00;2016.05.03 10:00;38.07
2016.05.03 10:00;2016.05.03 11:00;26.26
2016.05.03 11:00;2016.05.03 12:00;23.19
2016.05.03 12:00;2016.05.03 13:00;22.46
2016.05.03 13:00;2016.05.03 14:00;22.47
2016.05.03 14:00;2016.05.03 15:00;18.66
2016.05.03 15:00;2016.05.03 16:00;15.05
2016.05.03 16:00;2016.05.03 17:00;14.66
2016.05.03 17:00;2016.05.03 18:00;9.43
2016.05.03 18:00;2016.05.03 19:00;12.26
2016.05.03 19:00;2016.05.03 20:00;14.07
2016.05.03 20:00;2016.05.03 21:00;9.85
2016.05.03 21:00;2016.05.03 22:00;13.48
2016.05.03 22:00;2016.05.03 23:00;10.05
2016.05.03 23:00;2016.05.04 00:00;8.25
2016.05.04 00:00;2016.05.04 01:00;3.62
2016.05.04 01:00;2016.05.04 02:00;2.81
2016.05.04 02:00;2016.05.04 03:00;2.21
2016.05.04 03:00;2016.05.04 04:00;10.48
2016.05.04 04:00;2016.05.04 05:00;13.51
2016.05.04 05:00;2016.05.04 06:00;26.62
2016.05.04 06:00;2016.05.04 07:00;63.37
2016.05.04 07:00;2016.05.04 08:00;50.61
2016.05.04 08:00;2016.05.04 09:00;38.92
2016.05.04 09:00;2016.05.04 10:00;29.25
2016.05.04 10:00;2016.05.04 11:00;31.07
2016.05.04 11:00;2016.05.04 12:00;19.78
2016.05.04 13:00;2016.05.04 14:00;25.21
2016.05.04 14:00;2016.05.04 15:00;22.18
2016.05.04 15:00;2016.05.04 16:00;18.94
2016.05.04 16:00;2016.05.04 17:00;17.33
2016.05.04 17:00;2016.05.04 18:00;13.89
2016.05.04 18:00;2016.05.04 19:00;17.11
2016.05.04 19:00;2016.05.04 20:00;15.89
2016.05.04 20:00;2016.05.04 21:00;13.26
2016.05.04 21:00;2016.05.04 22:00;13.86
2016.05.04 22:00;2016.05.04 23:00;10.22
2016.05.04 23:00;2016.05.05 00:00;7.59
2016.05.05 00:00;2016.05.05 01:00;4.35
2016.05.05 01:00;2016.05.05 02:00;3.53
2016.05.05 02:00;2016.05.05 03:00;3.33
2016.05.05 03:00;2016.05.05 04:00;2.91
2016.05.05 04:00;2016.05.05 05:00;3.11
2016.05.05 05:00;2016.05.05 06:00;3.10
2016.05.05 06:00;2016.05.05 07:00;3.90
2016.05.05 07:00;2016.05.05 08:00;6.92
2016.05.05 08:00;2016.05.05 09:00;6.11
2016.05.05 09:00;2016.05.05 10:00;7.51
2016.05.05 10:00;2016.05.05 11:00;10.33
2016.05.05 11:00;2016.05.05 12:00;9.72
2016.05.05 12:00;2016.05.05 13:00;11.33
2016.05.05 13:00;2016.05.05 14:00;13.74
2016.05.05 14:00;2016.05.05 15:00;15.55
2016.05.05 15:00;2016.05.05 16:00;11.91
2016.05.05 16:00;2016.05.05 17:00;11.30
2016.05.05 17:00;2016.05.05 18:00;12.10
2016.05.05 18:00;2016.05.05 19:00;14.11
2016.05.05 19:00;2016.05.05 20:00;13.70
2016.05.05 20:00;2016.05.05 21:00;11.07
2016.05.05 21:00;2016.05.05 22:00;10.86
2016.05.05 22:00;2016.05.05 23:00;9.64
2016.05.05 23:00;2016.05.06 00:00;7.61
2016.05.06 00:00;2016.05.06 01:00;6.19
2016.05.06 01:00;2016.05.06 02:00;6.79
2016.05.06 02:00;2016.05.06 03:00;7.39
2016.05.06 03:00;2016.05.06 04:00;10.81
2016.05.06 04:00;2016.05.06 05:00;13.03
2016.05.06 05:00;2016.05.06 06:00;25.94
2016.05.06 06:00;2016.05.06 07:00;48.51
2016.05.06 07:00;2016.05.06 08:00;48.32
2016.05.06 08:00;2016.05.06 09:00;39.22
2016.05.06 09:00;2016.05.06 10:00;32.55
2016.05.06 10:00;2016.05.06 11:00;27.71
2016.05.06 11:00;2016.05.06 12:00;26.68
2016.05.06 12:00;2016.05.06 13:00;26.28
2016.05.06 13:00;2016.05.06 14:00;33.53
2016.05.06 14:00;2016.05.06 15:00;38.97
2016.05.06 15:00;2016.05.06 16:00;35.53
2016.05.06 16:00;2016.05.06 17:00;15.15
2016.05.06 17:00;2016.05.06 18:00;16.56
2016.05.06 18:00;2016.05.06 19:00;15.75
2016.05.06 19:00;2016.05.06 20:00;25.23
2016.05.06 20:00;2016.05.06 21:00;67.61
2016.05.06 21:00;2016.05.06 22:00;68.62
2016.05.06 22:00;2016.05.06 23:00;88.56
2016.05.06 23:00;2016.05.07 00:00;100.84
2016.05.07 00:00;2016.05.07 01:00;86.29
2016.05.07 01:00;2016.05.07 02:00;67.97
2016.05.07 02:00;2016.05.07 03:00;14.07
2016.05.07 03:00;2016.05.07 04:00;7.00
2016.05.07 04:00;2016.05.07 05:00;9.01
2016.05.07 05:00;2016.05.07 06:00;28.78
2016.05.07 06:00;2016.05.07 07:00;33.82
2016.05.07 07:00;2016.05.07 08:00;43.87
2016.05.07 08:00;2016.05.07 09:00;27.13
2016.05.07 09:00;2016.05.07 10:00;27.94
2016.05.07 10:00;2016.05.07 11:00;64.79
2016.05.07 11:00;2016.05.07 12:00;51.31
2016.05.07 12:00;2016.05.07 13:00;70.04
2016.05.07 13:00;2016.05.07 14:00;61.54
2016.05.07 14:00;2016.05.07 15:00;11.15
2016.05.07 15:00;2016.05.07 16:00;12.15
2016.05.07 16:00;2016.05.07 17:00;12.75
2016.05.07 17:00;2016.05.07 18:00;13.35
2016.05.07 18:00;2016.05.07 19:00;13.75
2016.05.07 19:00;2016.05.07 20:00;12.13
2016.05.07 20:00;2016.05.07 21:00;12.93
2016.05.07 21:00;2016.05.07 22:00;45.00
2016.05.07 22:00;2016.05.07 23:00;112.25
2016.05.07 23:00;2016.05.08 00:00;27.22
2016.05.08 00:00;2016.05.08 01:00;9.06
2016.05.08 01:00;2016.05.08 02:00;7.44
2016.05.08 02:00;2016.05.08 03:00;7.03
2016.05.08 03:00;2016.05.08 04:00;5.41
2016.05.08 04:00;2016.05.08 05:00;3.59
2016.05.08 05:00;2016.05.08 06:00;3.38
2016.05.08 06:00;2016.05.08 07:00;5.59
2016.05.08 07:00;2016.05.08 08:00;8.41
2016.05.08 08:00;2016.05.08 09:00;9.41
2016.05.08 09:00;2016.05.08 10:00;10.61
2016.05.08 10:00;2016.05.08 11:00;13.22
2016.05.08 11:00;2016.05.08 12:00;12.21
2016.05.08 12:00;2016.05.08 13:00;12.20
2016.05.08 13:00;2016.05.08 14:00;12.19
2016.05.08 14:00;2016.05.08 15:00;11.18
2016.05.08 15:00;2016.05.08 16:00;10.16
2016.05.08 16:00;2016.05.08 17:00;8.54
2016.05.08 17:00;2016.05.08 18:00;15.38
2016.05.08 18:00;2016.05.08 19:00;92.04
2016.05.08 19:00;2016.05.08 20:00;108.22
2016.05.08 20:00;2016.05.08 21:00;73.97
2016.05.08 21:00;2016.05.08 22:00;77.69
2016.05.08 22:00;2016.05.08 23:00;80.91
2016.05.08 23:00;2016.05.09 00:00;75.86
2016.05.09 00:00;2016.05.09 01:00;65.96
2016.05.09 01:00;2016.05.09 02:00;61.70
2016.05.09 02:00;2016.05.09 03:00;60.85
2016.05.09 03:00;2016.05.09 04:00;85.19
2016.05.09 04:00;2016.05.09 05:00;93.88
2016.05.09 05:00;2016.05.09 06:00;96.41
2016.05.09 06:00;2016.05.09 07:00;105.68
2016.05.09 07:00;2016.05.09 08:00;118.87
2016.05.09 08:00;2016.05.09 09:00;130.21
2016.05.09 09:00;2016.05.09 10:00;129.68
2016.05.09 10:00;2016.05.09 11:00;101.88
2016.05.09 11:00;2016.05.09 12:00;38.42
2016.05.09 12:00;2016.05.09 13:00;47.01
2016.05.09 13:00;2016.05.09 14:00;35.38
2016.05.09 14:00;2016.05.09 15:00;30.11
2016.05.09 15:00;2016.05.09 16:00;18.24
2016.05.09 16:00;2016.05.09 17:00;23.48
2016.05.09 17:00;2016.05.09 18:00;50.87
2016.05.09 18:00;2016.05.09 19:00;38.79
2016.05.09 19:00;2016.05.09 20:00;81.70
2016.05.09 20:00;2016.05.09 21:00;78.90
2016.05.09 21:00;2016.05.09 22:00;109.94
2016.05.09 22:00;2016.05.09 23:00;78.08
2016.05.09 23:00;2016.05.10 00:00;46.43
2016.05.10 00:00;2016.05.10 01:00;21.42
2016.05.10 01:00;2016.05.10 02:00;55.49
2016.05.10 02:00;2016.05.10 03:00;68.37
2016.05.10 03:00;2016.05.10 04:00;43.52
2016.05.10 04:00;2016.05.10 05:00;48.98
2016.05.10 05:00;2016.05.10 06:00;84.86
2016.05.10 06:00;2016.05.10 07:00;87.58
2016.05.10 07:00;2016.05.10 08:00;121.60
2016.05.10 08:00;2016.05.10 09:00;118.56
2016.05.10 09:00;2016.05.10 10:00;114.00
2016.05.10 10:00;2016.05.10 11:00;78.03
2016.05.10 11:00;2016.05.10 12:00;97.12
2016.05.10 12:00;2016.05.10 13:00;91.60
2016.05.10 13:00;2016.05.10 14:00;43.84
2016.05.10 14:00;2016.05.10 15:00;53.90
2016.05.10 15:00;2016.05.10 16:00;55.70
2016.05.10 16:00;2016.05.10 17:00;32.56
2016.05.10 17:00;2016.05.10 18:00;47.47
2016.05.10 18:00;2016.05.10 19:00;71.22
2016.05.10 19:00;2016.05.10 20:00;79.35
2016.05.10 20:00;2016.05.10 21:00;82.03
2016.05.10 21:00;2016.05.10 22:00;79.67
2016.05.10 22:00;2016.05.10 23:00;86.48
2016.05.10 23:00;2016.05.11 00:00;50.21
2016.05.11 00:00;2016.05.11 01:00;39.74
2016.05.11 01:00;2016.05.11 02:00;29.48
2016.05.11 02:00;2016.05.11 03:00;35.12
2016.05.11 03:00;2016.05.11 04:00;26.24
2016.05.11 04:00;2016.05.11 05:00;29.25
2016.05.11 05:00;2016.05.11 06:00;40.00
2016.05.11 06:00;2016.05.11 07:00;78.41
2016.05.11 07:00;2016.05.11 08:00;88.16
2016.05.11 08:00;2016.05.11 09:00;98.00
2016.05.11 10:00;2016.05.11 11:00;118.00
2016.05.11 11:00;2016.05.11 12:00;38.26
2016.05.11 12:00;2016.05.11 13:00;29.83
2016.05.11 13:00;2016.05.11 14:00;30.62
2016.05.11 14:00;2016.05.11 15:00;39.88
2016.05.11 15:00;2016.05.11 16:00;55.14
2016.05.11 16:00;2016.05.11 17:00;61.63
2016.05.11 17:00;2016.05.11 18:00;38.90
2016.05.11 18:00;2016.05.11 19:00;49.99
2016.05.11 19:00;2016.05.11 20:00;81.76
2016.05.11 20:00;2016.05.11 21:00;46.60
2016.05.11 21:00;2016.05.11 22:00;42.38
2016.05.11 22:00;2016.05.11 23:00;33.92
2016.05.11 23:00;2016.05.12 00:00;30.51
2016.05.12 00:00;2016.05.12 01:00;10.78
2016.05.12 01:00;2016.05.12 02:00;9.57
2016.05.12 02:00;2016.05.12 03:00;8.57
2016.05.12 03:00;2016.05.12 04:00;35.96
2016.05.12 04:00;2016.05.12 05:00;30.26
2016.05.12 05:00;2016.05.12 06:00;40.31
2016.05.12 06:00;2016.05.12 07:00;47.86
2016.05.12 07:00;2016.05.12 08:00;63.01
2016.05.12 08:00;2016.05.12 09:00;60.83
2016.05.12 09:00;2016.05.12 10:00;28.63
2016.05.12 10:00;2016.05.12 11:00;43.71
2016.05.12 11:00;2016.05.12 12:00;31.10
2016.05.12 12:00;2016.05.12 13:00;41.90
2016.05.12 13:00;2016.05.12 14:00;54.31
2016.05.12 14:00;2016.05.12 15:00;55.35
2016.05.12 15:00;2016.05.12 16:00;53.34
2016.05.12 16:00;2016.05.12 17:00;37.95
2016.05.12 17:00;2016.05.12 18:00;24.31
2016.05.12 18:00;2016.05.12 19:00;22.11
2016.05.12 19:00;2016.05.12 20:00;21.12
2016.05.12 20:00;2016.05.12 21:00;12.49
2016.05.12 21:00;2016.05.12 22:00;20.75
2016.05.12 22:00;2016.05.12 23:00;15.32
2016.05.12 23:00;2016.05.13 00:00;9.70
2016.05.13 00:00;2016.05.13 01:00;12.12
2016.05.13 01:00;2016.05.13 02:00;4.08
2016.05.13 02:00;2016.05.13 03:00;2.87
2016.05.13 03:00;2016.05.13 04:00;2.88
2016.05.13 04:00;2016.05.13 05:00;2.89
2016.05.13 05:00;2016.05.13 06:00;15.94
2016.05.13 06:00;2016.05.13 07:00;28.57
2016.05.13 07:00;2016.05.13 08:00;39.91
2016.05.13 08:00;2016.05.13 09:00;33.58
2016.05.13 09:00;2016.05.13 10:00;26.37
2016.05.13 10:00;2016.05.13 11:00;23.97
2016.05.13 11:00;2016.05.13 12:00;29.58
2016.05.13 12:00;2016.05.13 13:00;30.18
2016.05.13 13:00;2016.05.13 14:00;28.99
2016.05.13 14:00;2016.05.13 15:00;36.20
2016.05.13 15:00;2016.05.13 16:00;35.19
2016.05.13 16:00;2016.05.13 17:00;36.63
2016.05.13 17:00;2016.05.13 18:00;34.21
2016.05.13 18:00;2016.05.13 19:00;15.81
2016.05.13 19:00;2016.05.13 20:00;17.22
2016.05.13 20:00;2016.05.13 21:00;15.23
2016.05.13 21:00;2016.05.13 22:00;16.04
2016.05.13 22:00;2016.05.13 23:00;19.47
2016.05.13 23:00;2016.05.14 00:00;15.45
2016.05.14 00:00;2016.05.14 01:00;12.85
2016.05.14 01:00;2016.05.14 02:00;11.25
2016.05.14 02:00;2016.05.14 03:00;6.83
2016.05.14 03:00;2016.05.14 04:00;5.03
2016.05.14 04:00;2016.05.14 05:00;6.04
2016.05.14 05:00;2016.05.14 06:00;7.45
2016.05.14 06:00;2016.05.14 07:00;12.07
2016.05.14 07:00;2016.05.14 08:00;12.47
2016.05.14 08:00;2016.05.14 09:00;16.87
2016.05.14 09:00;2016.05.14 10:00;21.66
2016.05.14 10:00;2016.05.14 11:00;23.47
2016.05.14 11:00;2016.05.14 12:00;21.07
2016.05.14 12:00;2016.05.14 13:00;18.87
2016.05.14 13:00;2016.05.14 14:00;25.65
2016.05.14 14:00;2016.05.14 15:00;22.86
2016.05.14 15:00;2016.05.14 16:00;17.48
2016.05.14 16:00;2016.05.14 17:00;18.30
2016.05.14 17:00;2016.05.14 18:00;25.91
2016.05.14 18:00;2016.05.14 19:00;26.53
2016.05.14 19:00;2016.05.14 20:00;23.16
2016.05.14 20:00;2016.05.14 21:00;25.39
2016.05.14 21:00;2016.05.14 22:00;18.79
2016.05.14 22:00;2016.05.14 23:00;11.76
2016.05.14 23:00;2016.05.15 00:00;22.21
2016.05.15 00:00;2016.05.15 01:00;18.21
2016.05.15 01:00;2016.05.15 02:00;34.86
2016.05.15 02:00;2016.05.15 03:00;25.04
2016.05.15 03:00;2016.05.15 04:00;39.08
2016.05.15 04:00;2016.05.15 05:00;18.83
2016.05.15 05:00;2016.05.15 06:00;6.79
2016.05.15 06:00;2016.05.15 07:00;10.39
2016.05.15 07:00;2016.05.15 08:00;17.01
2016.05.15 08:00;2016.05.15 09:00;24.59
2016.05.15 09:00;2016.05.15 10:00;28.96
2016.05.15 10:00;2016.05.15 11:00;7.40
2016.05.15 11:00;2016.05.15 12:00;16.20
2016.05.15 12:00;2016.05.15 13:00;21.21
2016.05.15 13:00;2016.05.15 14:00;15.02
2016.05.15 14:00;2016.05.15 15:00;16.22
2016.05.15 15:00;2016.05.15 16:00;17.43
2016.05.15 16:00;2016.05.15 17:00;12.24
2016.05.15 17:00;2016.05.15 18:00;14.85
2016.05.15 18:00;2016.05.15 19:00;13.66
2016.05.15 19:00;2016.05.15 20:00;22.69
2016.05.15 20:00;2016.05.15 21:00;21.71
2016.05.15 21:00;2016.05.15 22:00;26.54
2016.05.15 22:00;2016.05.15 23:00;18.73
2016.05.15 23:00;2016.05.16 00:00;11.11
2016.05.16 00:00;2016.05.16 01:00;8.30
2016.05.16 01:00;2016.05.16 02:00;9.31
2016.05.16 02:00;2016.05.16 03:00;19.95
2016.05.16 03:00;2016.05.16 04:00;7.92
2016.05.16 04:00;2016.05.16 05:00;7.53
2016.05.16 05:00;2016.05.16 06:00;11.74
2016.05.16 06:00;2016.05.16 07:00;15.35
2016.05.16 07:00;2016.05.16 08:00;13.94
2016.05.16 08:00;2016.05.16 09:00;13.35
2016.05.16 09:00;2016.05.16 10:00;21.15
2016.05.16 10:00;2016.05.16 11:00;12.95
2016.05.16 11:00;2016.05.16 12:00;8.55
2016.05.16 12:00;2016.05.16 13:00;4.15
2016.05.16 13:00;2016.05.16 14:00;10.34
2016.05.16 14:00;2016.05.16 15:00;8.16
2016.05.16 15:00;2016.05.16 16:00;5.96
2016.05.16 16:00;2016.05.16 17:00;7.98
2016.05.16 17:00;2016.05.16 18:00;7.79
2016.05.16 18:00;2016.05.16 19:00;6.19
2016.05.16 19:00;2016.05.16 20:00;13.42
2016.05.16 20:00;2016.05.16 21:00;16.24
2016.05.16 21:00;2016.05.16 22:00;23.07
2016.05.16 22:00;2016.05.16 23:00;19.27
2016.05.16 23:00;2016.05.17 00:00;19.67
2016.05.17 00:00;2016.05.17 01:00;18.47
2016.05.17 01:00;2016.05.17 02:00;13.66
2016.05.17 02:00;2016.05.17 03:00;8.45
2016.05.17 03:00;2016.05.17 04:00;25.29
2016.05.17 04:00;2016.05.17 05:00;13.08
2016.05.17 05:00;2016.05.17 06:00;37.54
2016.05.17 06:00;2016.05.17 07:00;51.55
2016.05.17 07:00;2016.05.17 08:00;31.72
2016.05.17 08:00;2016.05.17 09:00;17.09
2016.05.17 09:00;2016.05.17 10:00;24.50
2016.05.17 10:00;2016.05.17 11:00;13.30
2016.05.17 11:00;2016.05.17 12:00;12.89
2016.05.17 12:00;2016.05.17 13:00;33.89
2016.05.17 13:00;2016.05.17 14:00;38.66
2016.05.17 14:00;2016.05.17 15:00;32.12
2016.05.17 15:00;2016.05.17 16:00;41.48
2016.05.17 16:00;2016.05.17 17:00;40.10
2016.05.17 17:00;2016.05.17 18:00;40.54
2016.05.17 18:00;2016.05.17 19:00;31.58
2016.05.17 19:00;2016.05.17 20:00;30.58
2016.05.17 20:00;2016.05.17 21:00;18.97
2016.05.17 21:00;2016.05.17 22:00;40.61
2016.05.17 22:00;2016.05.17 23:00;19.78
2016.05.17 23:00;2016.05.18 00:00;8.97
2016.05.18 00:00;2016.05.18 01:00;15.19
2016.05.18 01:00;2016.05.18 02:00;10.38
2016.05.18 02:00;2016.05.18 03:00;15.80
2016.05.18 03:00;2016.05.18 04:00;21.62
2016.05.18 04:00;2016.05.18 05:00;16.21
2016.05.18 05:00;2016.05.18 06:00;33.82
2016.05.18 06:00;2016.05.18 07:00;61.84
2016.05.18 07:00;2016.05.18 08:00;49.56
2016.05.18 08:00;2016.05.18 09:00;31.19
2016.05.18 10:00;2016.05.18 11:00;69.67
2016.05.18 11:00;2016.05.18 12:00;68.94
2016.05.18 12:00;2016.05.18 13:00;57.55
2016.05.18 13:00;2016.05.18 14:00;63.41
2016.05.18 14:00;2016.05.18 15:00;52.41
2016.05.18 15:00;2016.05.18 16:00;70.67
2016.05.18 16:00;2016.05.18 17:00;44.36
2016.05.18 17:00;2016.05.18 18:00;34.24
2016.05.18 18:00;2016.05.18 19:00;35.46
2016.05.18 19:00;2016.05.18 20:00;43.99
2016.05.18 20:00;2016.05.18 21:00;59.48
2016.05.18 21:00;2016.05.18 22:00;44.24
2016.05.18 22:00;2016.05.18 23:00;46.80
2016.05.18 23:00;2016.05.19 00:00;28.66
2016.05.19 00:00;2016.05.19 01:00;11.45
2016.05.19 01:00;2016.05.19 02:00;5.64
2016.05.19 02:00;2016.05.19 03:00;7.44
2016.05.19 03:00;2016.05.19 04:00;6.04
2016.05.19 04:00;2016.05.19 05:00;10.24
2016.05.19 05:00;2016.05.19 06:00;34.84
2016.05.19 06:00;2016.05.19 07:00;45.68
2016.05.19 07:00;2016.05.19 08:00;43.55
2016.05.19 08:00;2016.05.19 09:00;33.01
2016.05.19 09:00;2016.05.19 10:00;31.56
2016.05.19 10:00;2016.05.19 11:00;37.39
2016.05.19 11:00;2016.05.19 12:00;40.17
2016.05.19 12:00;2016.05.19 13:00;22.65
2016.05.19 13:00;2016.05.19 14:00;32.64
2016.05.19 14:00;2016.05.19 15:00;30.64
2016.05.19 15:00;2016.05.19 16:00;23.07
2016.05.19 16:00;2016.05.19 17:00;17.46
2016.05.19 17:00;2016.05.19 18:00;13.66
2016.05.19 18:00;2016.05.19 19:00;14.27
2016.05.19 19:00;2016.05.19 20:00;19.07
2016.05.19 20:00;2016.05.19 21:00;14.48
2016.05.19 21:00;2016.05.19 22:00;17.07
2016.05.19 22:00;2016.05.19 23:00;16.28
2016.05.19 23:00;2016.05.20 00:00;10.07
2016.05.20 00:00;2016.05.20 01:00;10.27
2016.05.20 01:00;2016.05.20 02:00;8.87
2016.05.20 02:00;2016.05.20 03:00;5.06
2016.05.20 03:00;2016.05.20 04:00;7.87
2016.05.20 04:00;2016.05.20 05:00;6.87
2016.05.20 05:00;2016.05.20 06:00;20.90
2016.05.20 06:00;2016.05.20 07:00;51.88
2016.05.20 07:00;2016.05.20 08:00;58.51
2016.05.20 08:00;2016.05.20 09:00;49.73
2016.05.20 09:00;2016.05.20 10:00;41.10
2016.05.20 10:00;2016.05.20 11:00;36.93
2016.05.20 11:00;2016.05.20 12:00;28.11
2016.05.20 12:00;2016.05.20 13:00;35.33
2016.05.20 13:00;2016.05.20 14:00;45.92
2016.05.20 14:00;2016.05.20 15:00;36.09
2016.05.20 15:00;2016.05.20 16:00;21.08
2016.05.20 16:00;2016.05.20 17:00;16.89
2016.05.20 17:00;2016.05.20 18:00;11.29
2016.05.20 18:00;2016.05.20 19:00;12.29
2016.05.20 19:00;2016.05.20 20:00;14.10
2016.05.20 20:00;2016.05.20 21:00;20.32
2016.05.20 21:00;2016.05.20 22:00;16.72
2016.05.20 22:00;2016.05.20 23:00;16.72
2016.05.20 23:00;2016.05.21 00:00;13.91
2016.05.21 00:00;2016.05.21 01:00;10.90
2016.05.21 01:00;2016.05.21 02:00;9.09
2016.05.21 02:00;2016.05.21 03:00;11.10
2016.05.21 03:00;2016.05.21 04:00;6.89
2016.05.21 04:00;2016.05.21 05:00;8.10
2016.05.21 05:00;2016.05.21 06:00;7.69
2016.05.21 06:00;2016.05.21 07:00;13.89
2016.05.21 07:00;2016.05.21 08:00;14.10
2016.05.21 08:00;2016.05.21 09:00;11.70
2016.05.21 09:00;2016.05.21 10:00;12.90
2016.05.21 10:00;2016.05.21 11:00;13.09
2016.05.21 11:00;2016.05.21 12:00;14.90
2016.05.21 12:00;2016.05.21 13:00;13.31
2016.05.21 13:00;2016.05.21 14:00;13.51
2016.05.21 14:00;2016.05.21 15:00;14.72
2016.05.21 15:00;2016.05.21 16:00;13.71
2016.05.21 16:00;2016.05.21 17:00;10.10
2016.05.21 17:00;2016.05.21 18:00;11.52
2016.05.21 18:00;2016.05.21 19:00;9.52
2016.05.21 19:00;2016.05.21 20:00;8.11
2016.05.21 20:00;2016.05.21 21:00;7.51
2016.05.21 21:00;2016.05.21 22:00;9.12
2016.05.21 22:00;2016.05.21 23:00;8.32
2016.05.21 23:00;2016.05.22 00:00;8.92
2016.05.22 00:00;2016.05.22 01:00;5.12
2016.05.22 01:00;2016.05.22 02:00;4.71
2016.05.22 02:00;2016.05.22 03:00;5.11
2016.05.22 03:00;2016.05.22 04:00;3.11
2016.05.22 04:00;2016.05.22 05:00;1.71
2016.05.22 05:00;2016.05.22 06:00;4.32
2016.05.22 06:00;2016.05.22 07:00;7.93
2016.05.22 07:00;2016.05.22 08:00;9.33
2016.05.22 08:00;2016.05.22 09:00;11.74
2016.05.22 09:00;2016.05.22 10:00;14.54
2016.05.22 10:00;2016.05.22 11:00;21.15
2016.05.22 11:00;2016.05.22 12:00;19.55
2016.05.22 12:00;2016.05.22 13:00;10.34
2016.05.22 13:00;2016.05.22 14:00;23.58
2016.05.22 14:00;2016.05.22 15:00;29.38
2016.05.22 15:00;2016.05.22 16:00;71.10
2016.05.22 16:00;2016.05.22 17:00;54.02
2016.05.22 17:00;2016.05.22 18:00;60.98
2016.05.22 18:00;2016.05.22 19:00;56.43
2016.05.22 19:00;2016.05.22 20:00;54.38
2016.05.22 20:00;2016.05.22 21:00;30.02
2016.05.22 21:00;2016.05.22 22:00;32.02
2016.05.22 22:00;2016.05.22 23:00;26.62
2016.05.22 23:00;2016.05.23 00:00;15.59
2016.05.23 00:00;2016.05.23 01:00;25.62
2016.05.23 01:00;2016.05.23 02:00;21.21
2016.05.23 02:00;2016.05.23 03:00;20.61
2016.05.23 03:00;2016.05.23 04:00;15.39
2016.05.23 04:00;2016.05.23 05:00;8.36
2016.05.23 05:00;2016.05.23 06:00;30.39
2016.05.23 06:00;2016.05.23 07:00;47.79
2016.05.23 07:00;2016.05.23 08:00;53.72
2016.05.23 08:00;2016.05.23 09:00;38.30
2016.05.23 09:00;2016.05.23 10:00;42.44
2016.05.23 10:00;2016.05.23 11:00;58.84
2016.05.23 11:00;2016.05.23 12:00;59.78
2016.05.23 12:00;2016.05.23 13:00;55.18
2016.05.23 13:00;2016.05.23 14:00;43.20
2016.05.23 14:00;2016.05.23 15:00;44.62
2016.05.23 15:00;2016.05.23 16:00;50.17
2016.05.23 16:00;2016.05.23 17:00;56.09
2016.05.23 17:00;2016.05.23 18:00;41.27
2016.05.23 18:00;2016.05.23 19:00;41.51
2016.05.23 19:00;2016.05.23 20:00;31.37
2016.05.23 20:00;2016.05.23 21:00;18.38
2016.05.23 21:00;2016.05.23 22:00;24.41
2016.05.23 22:00;2016.05.23 23:00;24.41
2016.05.23 23:00;2016.05.24 00:00;22.43
2016.05.24 00:00;2016.05.24 01:00;22.04
2016.05.24 01:00;2016.05.24 02:00;18.83
2016.05.24 02:00;2016.05.24 03:00;18.23
2016.05.24 03:00;2016.05.24 04:00;20.03
2016.05.24 04:00;2016.05.24 05:00;17.62
2016.05.24 05:00;2016.05.24 06:00;22.41
2016.05.24 06:00;2016.05.24 07:00;27.97
2016.05.24 07:00;2016.05.24 08:00;36.05
2016.05.24 08:00;2016.05.24 09:00;20.97
2016.05.24 09:00;2016.05.24 10:00;45.01
2016.05.24 10:00;2016.05.24 11:00;32.33
2016.05.24 11:00;2016.05.24 12:00;34.74
2016.05.24 12:00;2016.05.24 13:00;27.76
2016.05.24 13:00;2016.05.24 14:00;23.57
2016.05.24 14:00;2016.05.24 15:00;29.56
2016.05.24 15:00;2016.05.24 16:00;33.96
2016.05.24 16:00;2016.05.24 17:00;32.38
2016.05.24 17:00;2016.05.24 18:00;16.60
2016.05.24 18:00;2016.05.24 19:00;17.42
2016.05.24 19:00;2016.05.24 20:00;16.43
2016.05.24 20:00;2016.05.24 21:00;21.45
2016.05.24 21:00;2016.05.24 22:00;37.33
2016.05.24 22:00;2016.05.24 23:00;31.93
2016.05.24 23:00;2016.05.25 00:00;21.88
2016.05.25 00:00;2016.05.25 01:00;35.15
2016.05.25 01:00;2016.05.25 02:00;16.66
2016.05.25 02:00;2016.05.25 03:00;46.75
2016.05.25 03:00;2016.05.25 04:00;55.79
2016.05.25 04:00;2016.05.25 05:00;46.95
2016.05.25 05:00;2016.05.25 06:00;40.24
2016.05.25 06:00;2016.05.25 07:00;58.46
2016.05.25 07:00;2016.05.25 08:00;67.73
2016.05.25 08:00;2016.05.25 09:00;39.89
2016.05.25 09:00;2016.05.25 10:00;28.93
2016.05.25 10:00;2016.05.25 11:00;14.84
2016.05.25 11:00;2016.05.25 12:00;21.27
2016.05.25 12:00;2016.05.25 13:00;20.45
2016.05.25 13:00;2016.05.25 14:00;12.84
2016.05.25 14:00;2016.05.25 15:00;18.26
2016.05.25 15:00;2016.05.25 16:00;20.06
2016.05.25 16:00;2016.05.25 17:00;24.49
2016.05.25 17:00;2016.05.25 18:00;8.23
2016.05.25 18:00;2016.05.25 19:00;5.82
2016.05.25 19:00;2016.05.25 20:00;3.21
2016.05.25 20:00;2016.05.25 21:00;3.21
2016.05.25 21:00;2016.05.25 22:00;37.37
2016.05.25 22:00;2016.05.25 23:00;51.66
2016.05.25 23:00;2016.05.26 00:00;35.57
2016.05.26 00:00;2016.05.26 01:00;44.04
2016.05.26 01:00;2016.05.26 02:00;53.04
2016.05.26 02:00;2016.05.26 03:00;31.98
2016.05.26 03:00;2016.05.26 04:00;49.55
2016.05.26 04:00;2016.05.26 05:00;30.93
2016.05.26 05:00;2016.05.26 06:00;46.46
2016.05.26 06:00;2016.05.26 07:00;32.08
2016.05.26 07:00;2016.05.26 08:00;55.60
2016.05.26 08:00;2016.05.26 09:00;47.71
2016.05.26 10:00;2016.05.26 11:00;38.15
2016.05.26 11:00;2016.05.26 12:00;26.30
2016.05.26 12:00;2016.05.26 13:00;17.25
2016.05.26 13:00;2016.05.26 14:00;18.04
2016.05.26 14:00;2016.05.26 15:00;25.46
2016.05.26 15:00;2016.05.26 16:00;20.25
2016.05.26 16:00;2016.05.26 17:00;35.49
2016.05.26 17:00;2016.05.26 18:00;37.07
2016.05.26 18:00;2016.05.26 19:00;37.10
2016.05.26 19:00;2016.05.26 20:00;41.28
2016.05.26 20:00;2016.05.26 21:00;49.36
2016.05.26 21:00;2016.05.26 22:00;39.55
2016.05.26 22:00;2016.05.26 23:00;35.12
2016.05.26 23:00;2016.05.27 00:00;22.03
2016.05.27 00:00;2016.05.27 01:00;28.48
2016.05.27 01:00;2016.05.27 02:00;16.39
2016.05.27 02:00;2016.05.27 03:00;14.77
2016.05.27 03:00;2016.05.27 04:00;30.84
2016.05.27 04:00;2016.05.27 05:00;25.55
2016.05.27 05:00;2016.05.27 06:00;31.77
2016.05.27 06:00;2016.05.27 07:00;40.17
2016.05.27 07:00;2016.05.27 08:00;42.66
2016.05.27 08:00;2016.05.27 09:00;35.20
2016.05.27 09:00;2016.05.27 10:00;35.62
2016.05.27 10:00;2016.05.27 11:00;41.25
2016.05.27 11:00;2016.05.27 12:00;42.56
2016.05.27 12:00;2016.05.27 13:00;44.12
2016.05.27 13:00;2016.05.27 14:00;37.94
2016.05.27 14:00;2016.05.27 15:00;35.36
2016.05.27 15:00;2016.05.27 16:00;47.37
2016.05.27 16:00;2016.05.27 17:00;56.40
2016.05.27 17:00;2016.05.27 18:00;53.81
2016.05.27 18:00;2016.05.27 19:00;46.00
2016.05.27 19:00;2016.05.27 20:00;39.19
2016.05.27 20:00;2016.05.27 21:00;50.07
2016.05.27 21:00;2016.05.27 22:00;47.86
2016.05.27 22:00;2016.05.27 23:00;59.51
2016.05.27 23:00;2016.05.28 00:00;47.04
2016.05.28 00:00;2016.05.28 01:00;31.35
2016.05.28 01:00;2016.05.28 02:00;24.51
2016.05.28 02:00;2016.05.28 03:00;25.51
2016.05.28 03:00;2016.05.28 04:00;24.50
2016.05.28 04:00;2016.05.28 05:00;23.87
2016.05.28 05:00;2016.05.28 06:00;18.63
2016.05.28 06:00;2016.05.28 07:00;40.41
2016.05.28 07:00;2016.05.28 08:00;43.84
2016.05.28 08:00;2016.05.28 09:00;44.21
2016.05.28 09:00;2016.05.28 10:00;55.20
2016.05.28 10:00;2016.05.28 11:00;56.68
2016.05.28 11:00;2016.05.28 12:00;46.77
2016.05.28 12:00;2016.05.28 13:00;38.02
2016.05.28 13:00;2016.05.28 14:00;27.20
2016.05.28 14:00;2016.05.28 15:00;23.37
2016.05.28 15:00;2016.05.28 16:00;26.19
2016.05.28 16:00;2016.05.28 17:00;27.38
2016.05.28 17:00;2016.05.28 18:00;18.54
2016.05.28 18:00;2016.05.28 19:00;20.55
2016.05.28 19:00;2016.05.28 20:00;18.34
2016.05.28 20:00;2016.05.28 21:00;24.58
2016.05.28 21:00;2016.05.28 22:00;28.21
2016.05.28 22:00;2016.05.28 23:00;37.65
2016.05.28 23:00;2016.05.29 00:00;30.60
2016.05.29 00:00;2016.05.29 01:00;37.65
2016.05.29 01:00;2016.05.29 02:00;36.85
2016.05.29 02:00;2016.05.29 03:00;40.63
2016.05.29 03:00;2016.05.29 04:00;43.30
2016.05.29 04:00;2016.05.29 05:00;38.90
2016.05.29 05:00;2016.05.29 06:00;35.87
2016.05.29 06:00;2016.05.29 07:00;41.08
2016.05.29 07:00;2016.05.29 08:00;51.93
2016.05.29 08:00;2016.05.29 09:00;31.25
2016.05.29 09:00;2016.05.29 10:00;49.10
2016.05.29 10:00;2016.05.29 11:00;17.83
2016.05.29 11:00;2016.05.29 12:00;33.47
2016.05.29 12:00;2016.05.29 13:00;28.66
2016.05.29 13:00;2016.05.29 14:00;49.38
2016.05.29 14:00;2016.05.29 15:00;71.73
2016.05.29 15:00;2016.05.29 16:00;61.70
2016.05.29 16:00;2016.05.29 17:00;31.64
2016.05.29 17:00;2016.05.29 18:00;50.92
2016.05.29 18:00;2016.05.29 19:00;13.55
2016.05.29 19:00;2016.05.29 20:00;6.28
2016.05.29 20:00;2016.05.29 21:00;18.57
2016.05.29 21:00;2016.05.29 22:00;23.83
2016.05.29 22:00;2016.05.29 23:00;18.58
2016.05.29 23:00;2016.05.30 00:00;37.16
2016.05.30 00:00;2016.05.30 01:00;31.30
2016.05.30 01:00;2016.05.30 02:00;47.21
2016.05.30 02:00;2016.05.30 03:00;49.17
2016.05.30 03:00;2016.05.30 04:00;48.70
2016.05.30 04:00;2016.05.30 05:00;47.19
2016.05.30 05:00;2016.05.30 06:00;54.17
2016.05.30 06:00;2016.05.30 07:00;62.84
2016.05.30 07:00;2016.05.30 08:00;74.53
2016.05.30 08:00;2016.05.30 09:00;74.71
2016.05.30 09:00;2016.05.30 10:00;59.21
2016.05.30 10:00;2016.05.30 11:00;56.48
2016.05.30 11:00;2016.05.30 12:00;76.38
2016.05.30 12:00;2016.05.30 13:00;39.15
2016.05.30 13:00;2016.05.30 14:00;29.92
2016.05.30 14:00;2016.05.30 15:00;18.24
2016.05.30 15:00;2016.05.30 16:00;46.53
2016.05.30 16:00;2016.05.30 17:00;8.14
2016.05.30 17:00;2016.05.30 18:00;22.10
2016.05.30 18:00;2016.05.30 19:00;38.22
2016.05.30 19:00;2016.05.30 20:00;41.63
2016.05.30 20:00;2016.05.30 21:00;48.29
2016.05.30 21:00;2016.05.30 22:00;38.84
2016.05.30 22:00;2016.05.30 23:00;32.98
2016.05.30 23:00;2016.05.31 00:00;41.43
2016.05.31 00:00;2016.05.31 01:00;38.98
2016.05.31 01:00;2016.05.31 02:00;29.32
2016.05.31 02:00;2016.05.31 03:00;36.73
2016.05.31 03:00;2016.05.31 04:00;25.84
2016.05.31 04:00;2016.05.31 05:00;35.69
2016.05.31 05:00;2016.05.31 06:00;31.64
2016.05.31 06:00;2016.05.31 07:00;49.99
2016.05.31 07:00;2016.05.31 08:00;52.67
2016.05.31 08:00;2016.05.31 09:00;36.85
2016.05.31 09:00;2016.05.31 10:00;43.58
2016.05.31 10:00;2016.05.31 11:00;62.07
2016.05.31 11:00;2016.05.31 12:00;58.14
2016.05.31 12:00;2016.05.31 13:00;45.39
2016.05.31 13:00;2016.05.31 14:00;49.15
2016.05.31 14:00;2016.05.31 15:00;61.87
2016.05.31 15:00;2016.05.31 16:00;66.95
2016.05.31 16:00;2016.05.31 17:00;60.36
2016.05.31 17:00;2016.05.31 18:00;50.64
2016.05.31 18:00;2016.05.31 19:00;55.35
2016.05.31 19:00;2016.05.31 20:00;49.94
2016.05.31 20:00;2016.05.31 21:00;39.67
2016.05.31 21:00;2016.05.31 22:00;41.68
2016.05.31 22:00;2016.05.31 23:00;50.11
2016.05.31 23:00;2016.06.01 00:00;27.37