Telledata: RÃ¥data;;;;;Felt 1 og 3;Fra Festplassen;;;
Utskriftsdato: 27. februar 2017;;;;;Felt 1 og 3;Fra Festplassen;;;
Tellepunkt: 1200703 - CHRISTIESGT;;;;;;;;
EV 16 Hp: 15 Km: 1509;;;;;;;;
date;time;roadLaneMeasured;numOfVehicles;numOfVehiclesClass1;numOfVehiclesClass2;numOfVehiclesClass3;numOfVehiclesClass4;numOfVehiclesClass5;;
01.05.2016;01:00;1;345;331;2;6;4;2
01.05.2016;01:00;3;279;244;7;9;14;3
01.05.2016;02:00;1;246;243;2;0;1;0
01.05.2016;02:00;3;200;177;3;8;10;2
01.05.2016;03:00;1;267;255;1;6;4;1
01.05.2016;03:00;3;205;182;4;4;13;2
01.05.2016;04:00;1;184;181;1;0;1;1
01.05.2016;04:00;3;161;155;2;0;3;1
01.05.2016;05:00;1;132;129;0;1;2;0
01.05.2016;05:00;3;141;133;1;0;7;0
01.05.2016;06:00;1;44;44;0;0;0;0
01.05.2016;06:00;3;53;47;0;0;6;0
01.05.2016;07:00;1;37;37;0;0;0;0
01.05.2016;07:00;3;48;32;1;5;9;1
01.05.2016;08:00;1;60;52;2;4;2;0
01.05.2016;08:00;3;47;27;0;4;12;4
01.05.2016;09:00;1;57;45;6;1;4;1
01.05.2016;09:00;3;67;34;3;7;19;4
01.05.2016;10:00;1;128;118;0;4;5;1
01.05.2016;10:00;3;69;43;1;4;18;3
01.05.2016;11:00;1;187;173;3;5;5;1
01.05.2016;11:00;3;107;73;3;8;19;4
01.05.2016;12:00;1;304;286;8;7;2;1
01.05.2016;12:00;3;125;82;3;10;24;5
01.05.2016;13:00;1;287;274;5;3;4;1
01.05.2016;13:00;3;146;108;3;9;21;5
01.05.2016;14:00;1;379;360;8;4;6;1
01.05.2016;14:00;3;164;123;3;9;25;4
01.05.2016;15:00;1;375;363;1;5;4;1
01.05.2016;15:00;3;183;137;1;16;24;5
01.05.2016;16:00;1;404;395;2;2;5;0
01.05.2016;16:00;3;185;135;2;13;29;5
01.05.2016;17:00;1;308;300;4;3;0;0
01.05.2016;17:00;3;171;122;2;17;22;5
01.05.2016;18:00;1;357;345;6;3;2;1
01.05.2016;18:00;3;184;142;0;11;27;4
01.05.2016;19:00;1;307;298;2;3;2;1
01.05.2016;19:00;3;163;117;2;12;28;4
01.05.2016;20:00;1;299;290;2;1;5;1
01.05.2016;20:00;3;175;130;2;12;26;4
01.05.2016;21:00;1;326;320;1;2;2;1
01.05.2016;21:00;3;154;117;0;12;22;3
01.05.2016;22:00;1;198;189;0;5;3;1
01.05.2016;22:00;3;111;78;1;8;21;3
01.05.2016;23:00;1;165;154;1;3;6;1
01.05.2016;23:00;3;83;56;0;9;15;3
01.05.2016;24:00;1;92;81;2;2;5;2
01.05.2016;24:00;3;72;48;1;7;13;3
02.05.2016;01:00;1;50;44;1;3;1;1
02.05.2016;01:00;3;53;37;0;5;9;2
02.05.2016;02:00;1;25;24;1;0;0;0
02.05.2016;02:00;3;18;17;0;0;1;0
02.05.2016;03:00;1;17;17;0;0;0;0
02.05.2016;03:00;3;17;16;0;0;1;0
02.05.2016;04:00;1;10;10;0;0;0;0
02.05.2016;04:00;3;19;17;0;0;2;0
02.05.2016;05:00;1;16;14;0;2;0;0
02.05.2016;05:00;3;11;7;0;1;3;0
02.05.2016;06:00;1;27;18;3;4;1;1
02.05.2016;06:00;3;34;20;0;2;11;1
02.05.2016;07:00;1;202;162;3;19;13;5
02.05.2016;07:00;3;121;46;2;25;42;6
02.05.2016;08:00;1;420;343;22;34;15;5
02.05.2016;08:00;3;207;63;9;47;67;21
02.05.2016;09:00;1;510;447;23;27;10;3
02.05.2016;09:00;3;247;87;6;66;71;15
02.05.2016;10:00;1;423;367;18;22;8;6
02.05.2016;10:00;3;239;131;11;44;42;9
02.05.2016;11:00;1;450;389;24;29;6;1
02.05.2016;11:00;3;247;148;5;45;40;9
02.05.2016;12:00;1;441;386;23;25;6;1
02.05.2016;12:00;3;202;119;6;28;39;8
02.05.2016;13:00;1;458;412;27;12;7;0
02.05.2016;13:00;3;269;165;5;37;50;11
02.05.2016;14:00;1;453;400;19;21;11;1
02.05.2016;14:00;3;224;118;11;38;46;9
02.05.2016;15:00;1;453;393;14;31;12;3
02.05.2016;15:00;3;260;122;8;56;56;17
02.05.2016;16:00;1;504;437;21;23;19;4
02.05.2016;16:00;3;280;125;11;58;72;14
02.05.2016;17:00;1;542;501;12;19;8;2
02.05.2016;17:00;3;334;174;11;68;65;12
02.05.2016;18:00;1;451;422;8;13;6;1
02.05.2016;18:00;3;238;127;4;47;44;15
02.05.2016;19:00;1;329;305;6;13;3;2
02.05.2016;19:00;3;199;123;3;33;29;11
02.05.2016;20:00;1;332;312;6;4;8;2
02.05.2016;20:00;3;194;124;2;22;35;11
02.05.2016;21:00;1;289;270;7;3;7;2
02.05.2016;21:00;3;141;82;0;22;32;5
03.05.2016;08:00;1;418;350;24;30;11;3
03.05.2016;08:00;3;202;59;5;57;67;13
03.05.2016;09:00;1;473;408;21;28;12;4
03.05.2016;09:00;3;293;131;6;69;67;19
03.05.2016;10:00;1;442;376;24;26;13;3
03.05.2016;10:00;3;229;131;9;39;39;10
03.05.2016;11:00;1;446;379;34;24;8;1
03.05.2016;11:00;3;194;109;6;31;39;9
03.05.2016;12:00;1;456;396;32;13;12;2
03.05.2016;12:00;3;237;156;4;30;37;10
03.05.2016;13:00;1;462;413;23;17;7;2
03.05.2016;13:00;3;220;128;12;37;30;11
03.05.2016;14:00;1;466;411;20;24;10;1
03.05.2016;14:00;3;236;150;9;37;31;9
03.05.2016;15:00;1;471;406;19;26;16;1
03.05.2016;15:00;3;260;142;8;41;53;15
03.05.2016;16:00;1;519;445;23;28;17;5
03.05.2016;16:00;3;260;101;8;57;72;18
03.05.2016;17:00;1;498;456;13;12;15;2
03.05.2016;17:00;3;249;117;5;54;62;10
03.05.2016;18:00;1;449;412;9;11;12;4
03.05.2016;18:00;3;230;129;5;39;44;13
03.05.2016;19:00;1;427;404;4;8;9;2
03.05.2016;19:00;3;222;144;3;23;43;8
03.05.2016;20:00;1;372;350;5;6;9;1
03.05.2016;20:00;3;181;123;0;17;34;7
03.05.2016;21:00;1;305;288;2;1;11;2
03.05.2016;21:00;3;160;98;0;24;33;5
03.05.2016;22:00;1;259;239;3;8;7;2
03.05.2016;22:00;3;141;94;1;21;20;5
03.05.2016;23:00;1;206;193;0;3;9;1
03.05.2016;23:00;3;128;83;1;15;22;7
03.05.2016;24:00;1;92;84;0;2;5;1
03.05.2016;24:00;3;80;40;0;17;18;5
04.05.2016;01:00;1;63;56;0;2;2;3
04.05.2016;01:00;3;65;39;0;8;13;5
04.05.2016;02:00;1;35;35;0;0;0;0
04.05.2016;02:00;3;45;43;0;0;2;0
04.05.2016;03:00;1;26;26;0;0;0;0
04.05.2016;03:00;3;28;28;0;0;0;0
04.05.2016;04:00;1;16;16;0;0;0;0
04.05.2016;04:00;3;25;23;0;0;2;0
04.05.2016;05:00;1;17;16;0;0;1;0
04.05.2016;05:00;3;23;14;2;3;4;0
04.05.2016;06:00;1;42;24;9;7;1;1
04.05.2016;06:00;3;35;20;0;6;8;1
04.05.2016;07:00;1;228;182;13;15;14;4
04.05.2016;07:00;3;119;40;0;28;45;6
04.05.2016;08:00;1;423;354;21;23;19;6
04.05.2016;08:00;3;200;69;3;55;59;12
04.05.2016;09:00;1;549;470;31;31;12;5
04.05.2016;09:00;3;282;108;9;77;58;25
04.05.2016;10:00;1;412;365;16;22;9;0
04.05.2016;10:00;3;260;144;13;51;39;13
04.05.2016;11:00;1;433;376;32;15;8;2
04.05.2016;11:00;3;241;159;3;32;36;11
04.05.2016;12:00;1;474;407;34;23;8;2
04.05.2016;12:00;3;241;152;10;25;48;6
04.05.2016;13:00;1;491;446;21;17;7;0
04.05.2016;13:00;3;253;163;10;30;38;12
04.05.2016;14:00;1;483;426;28;21;5;1
04.05.2016;14:00;3;254;155;12;36;42;7
04.05.2016;15:00;1;509;451;21;21;14;1
04.05.2016;15:00;3;275;140;9;56;55;15
04.05.2016;16:00;1;533;466;19;22;19;4
04.05.2016;16:00;3;282;134;8;61;62;17
04.05.2016;17:00;1;562;505;19;21;14;3
04.05.2016;17:00;3;357;214;8;55;59;17
04.05.2016;18:00;1;501;471;11;10;5;2
04.05.2016;18:00;3;280;166;2;54;40;16
04.05.2016;19:00;1;427;399;12;7;8;1
04.05.2016;19:00;3;216;133;4;21;42;12
04.05.2016;20:00;1;408;377;12;8;7;2
04.05.2016;20:00;3;192;118;2;22;33;9
04.05.2016;21:00;1;341;318;6;5;10;2
04.05.2016;21:00;3;161;98;5;18;34;5
04.05.2016;22:00;1;278;262;4;4;6;2
04.05.2016;22:00;3;145;98;1;21;21;4
04.05.2016;23:00;1;234;221;0;6;6;1
04.05.2016;23:00;3;137;97;0;12;25;3
04.05.2016;24:00;1;227;216;2;1;7;1
04.05.2016;24:00;3;129;85;3;15;21;5
05.05.2016;01:00;1;182;170;3;3;4;2
05.05.2016;01:00;3;128;102;2;5;14;5
05.05.2016;02:00;1;140;140;0;0;0;0
05.05.2016;02:00;3;122;120;0;0;1;0
05.05.2016;03:00;1;128;127;0;0;0;0
05.05.2016;03:00;3;116;115;0;0;1;0
05.05.2016;04:00;1;84;84;0;0;0;0
05.05.2016;04:00;3;89;88;0;0;1;0
05.05.2016;05:00;1;36;34;1;0;1;0
05.05.2016;05:00;3;50;45;1;2;2;0
05.05.2016;06:00;1;20;19;1;0;0;0
05.05.2016;06:00;3;25;21;0;0;4;0
05.05.2016;07:00;1;27;26;0;0;1;0
05.05.2016;07:00;3;38;25;0;4;8;1
05.05.2016;08:00;1;51;46;0;2;3;0
05.05.2016;08:00;3;59;37;1;5;13;3
05.05.2016;09:00;1;83;74;2;2;4;1
05.05.2016;09:00;3;50;21;2;7;17;3
05.05.2016;10:00;1;129;123;0;1;4;1
05.05.2016;10:00;3;86;53;2;7;21;3
05.05.2016;11:00;1;198;188;2;1;6;1
05.05.2016;11:00;3;102;71;2;9;17;3
05.05.2016;12:00;1;258;248;5;1;2;2
05.05.2016;12:00;3;119;79;2;9;24;4
05.05.2016;13:00;1;334;322;2;4;5;1
05.05.2016;13:00;3;173;128;4;12;25;4
05.05.2016;14:00;1;371;355;7;4;4;1
05.05.2016;14:00;3;154;111;2;12;25;4
05.05.2016;15:00;1;394;384;1;1;6;1
05.05.2016;15:00;3;191;138;5;16;27;5
05.05.2016;16:00;1;438;422;8;4;4;0
05.05.2016;16:00;3;200;143;5;14;32;6
05.05.2016;17:00;1;364;347;6;6;4;1
05.05.2016;17:00;3;164;118;2;9;31;4
05.05.2016;18:00;1;374;359;3;3;7;1
05.05.2016;18:00;3;160;119;3;9;26;3
05.05.2016;19:00;1;365;361;1;1;2;0
05.05.2016;19:00;3;169;121;1;15;25;7
05.05.2016;20:00;1;341;328;6;3;3;1
05.05.2016;20:00;3;167;123;2;12;26;4
05.05.2016;21:00;1;349;336;8;2;3;0
05.05.2016;21:00;3;154;112;2;13;24;3
05.05.2016;22:00;1;221;211;3;4;2;1
05.05.2016;22:00;3;114;79;0;12;20;3
05.05.2016;23:00;1;335;325;5;3;1;1
05.05.2016;23:00;3;161;130;0;7;21;3
05.05.2016;24:00;1;264;254;1;3;2;4
05.05.2016;24:00;3;135;107;1;11;13;3
06.05.2016;01:00;1;118;111;1;2;4;0
06.05.2016;01:00;3;94;82;1;1;6;4
06.05.2016;02:00;1;65;62;2;0;1;0
06.05.2016;02:00;3;85;81;1;0;2;0
06.05.2016;03:00;1;42;41;0;0;0;1
06.05.2016;03:00;3;48;48;0;0;0;0
06.05.2016;04:00;1;41;40;0;0;1;0
06.05.2016;04:00;3;43;40;0;0;2;0
06.05.2016;05:00;1;27;25;1;1;0;0
06.05.2016;05:00;3;32;26;0;2;4;0
06.05.2016;06:00;1;35;23;5;5;1;1
06.05.2016;06:00;3;31;18;0;3;7;3
06.05.2016;07:00;1;170;119;7;24;15;5
06.05.2016;07:00;3;116;39;1;27;44;5
06.05.2016;08:00;1;327;264;19;24;16;4
06.05.2016;08:00;3;186;36;5;53;70;21
06.05.2016;09:00;1;343;271;34;19;16;3
06.05.2016;09:00;3;185;37;7;58;65;17
06.05.2016;10:00;1;372;311;19;26;12;2
06.05.2016;10:00;3;210;104;12;38;44;9
06.05.2016;11:00;1;443;380;25;21;13;4
06.05.2016;11:00;3;204;115;9;33;36;11
06.05.2016;12:00;1;486;435;21;17;10;3
06.05.2016;12:00;3;227;146;7;26;41;7
06.05.2016;13:00;1;501;455;25;13;4;3
06.05.2016;13:00;3;240;144;7;28;46;15
06.05.2016;14:00;1;484;430;21;23;9;1
06.05.2016;14:00;3;265;161;9;35;46;13
06.05.2016;15:00;1;483;428;18;17;15;3
06.05.2016;15:00;3;266;145;4;47;56;13
06.05.2016;16:00;1;552;493;14;20;21;3
06.05.2016;16:00;3;270;121;7;62;65;13
06.05.2016;17:00;1;509;444;20;21;19;4
06.05.2016;17:00;3;223;87;1;52;66;16
06.05.2016;18:00;1;446;404;10;18;7;3
06.05.2016;18:00;3;212;115;3;34;44;15
06.05.2016;19:00;1;387;358;12;7;9;1
06.05.2016;19:00;3;212;132;7;27;36;10
06.05.2016;20:00;1;350;326;7;7;9;0
06.05.2016;20:00;3;172;101;2;18;41;10
06.05.2016;21:00;1;326;303;8;3;11;0
06.05.2016;21:00;3;159;98;2;18;35;6
06.05.2016;22:00;1;260;243;4;7;5;1
06.05.2016;22:00;3;155;105;1;15;28;6
06.05.2016;23:00;1;251;236;3;2;10;0
06.05.2016;23:00;3;144;96;0;17;22;9
06.05.2016;24:00;1;256;242;2;7;4;1
06.05.2016;24:00;3;158;117;2;14;21;4
07.05.2016;01:00;1;235;222;5;3;4;1
07.05.2016;01:00;3;197;165;3;6;18;5
07.05.2016;02:00;1;160;155;0;1;2;0
07.05.2016;02:00;3;180;170;2;2;4;2
07.05.2016;03:00;1;165;157;0;6;1;1
07.05.2016;03:00;3;213;194;0;7;10;2
07.05.2016;04:00;1;109;106;1;1;0;1
07.05.2016;04:00;3;134;129;1;2;2;0
07.05.2016;05:00;1;46;45;1;0;0;0
07.05.2016;05:00;3;52;46;1;1;4;0
07.05.2016;06:00;1;28;26;1;1;0;0
07.05.2016;06:00;3;23;19;0;1;3;0
07.05.2016;07:00;1;31;21;1;6;2;1
07.05.2016;07:00;3;44;19;1;9;11;4
07.05.2016;08:00;1;81;59;4;10;6;2
07.05.2016;08:00;3;72;35;1;11;21;4
07.05.2016;09:00;1;111;92;3;12;2;2
07.05.2016;09:00;3;75;37;1;15;16;6
07.05.2016;10:00;1;205;188;4;9;2;2
07.05.2016;10:00;3;109;60;3;16;24;6
07.05.2016;11:00;1;303;279;5;16;1;2
07.05.2016;11:00;3;133;83;0;13;29;8
07.05.2016;12:00;1;363;337;11;8;4;2
07.05.2016;12:00;3;154;86;4;29;28;7
07.05.2016;13:00;1;391;372;4;10;4;0
07.05.2016;13:00;3;204;138;6;23;27;10
07.05.2016;14:00;1;410;391;3;9;6;1
07.05.2016;14:00;3;186;123;5;15;32;10
07.05.2016;15:00;1;434;415;4;8;4;1
07.05.2016;15:00;3;206;139;3;19;35;10
07.05.2016;16:00;1;377;357;5;7;5;3
07.05.2016;16:00;3;200;129;4;24;33;10
07.05.2016;17:00;1;414;395;6;9;2;1
07.05.2016;17:00;3;202;146;5;15;26;10
07.05.2016;18:00;1;404;393;4;3;3;1
07.05.2016;18:00;3;214;156;3;17;32;6
07.05.2016;19:00;1;457;438;6;6;5;2
07.05.2016;19:00;3;214;168;4;17;20;4
07.05.2016;20:00;1;390;372;6;5;4;2
07.05.2016;20:00;3;204;148;5;16;30;5
07.05.2016;21:00;1;369;355;3;5;4;2
07.05.2016;21:00;3;199;151;3;14;25;6
07.05.2016;22:00;1;325;313;3;3;5;1
07.05.2016;22:00;3;201;159;5;12;21;4
07.05.2016;23:00;1;348;341;1;4;2;0
07.05.2016;23:00;3;212;165;8;10;24;5
07.05.2016;24:00;1;325;314;2;4;3;1
07.05.2016;24:00;3;225;183;6;12;19;5
08.05.2016;01:00;1;352;344;0;4;2;2
08.05.2016;01:00;3;267;231;6;11;16;2
08.05.2016;02:00;1;278;272;1;2;2;0
08.05.2016;02:00;3;233;215;2;3;10;3
08.05.2016;03:00;1;269;258;0;5;4;1
08.05.2016;03:00;3;227;201;4;7;12;2
08.05.2016;04:00;1;175;168;2;2;1;1
08.05.2016;04:00;3;171;166;2;0;2;1
08.05.2016;05:00;1;110;108;0;1;1;0
08.05.2016;05:00;3;105;97;2;2;4;0
08.05.2016;06:00;1;49;47;2;0;0;0
08.05.2016;06:00;3;41;35;0;0;6;0
08.05.2016;07:00;1;33;32;0;0;1;0
08.05.2016;07:00;3;44;30;0;3;10;1
08.05.2016;08:00;1;62;56;1;3;2;0
08.05.2016;08:00;3;56;34;1;2;15;3
08.05.2016;09:00;1;63;57;1;2;2;1
08.05.2016;09:00;3;63;30;1;6;22;3
08.05.2016;10:00;1;118;111;0;5;1;1
08.05.2016;10:00;3;93;57;0;9;20;3
08.05.2016;11:00;1;199;189;3;2;3;1
08.05.2016;11:00;3;144;102;3;10;22;4
08.05.2016;12:00;1;286;269;5;6;4;0
08.05.2016;12:00;3;133;96;2;7;22;3
08.05.2016;13:00;1;497;441;5;19;25;3
08.05.2016;13:00;3;75;49;2;6;7;4
08.05.2016;14:00;1;377;361;6;4;5;0
08.05.2016;14:00;3;156;115;0;6;29;6
08.05.2016;15:00;1;400;391;1;2;5;1
08.05.2016;15:00;3;173;117;4;20;27;5
08.05.2016;16:00;1;418;408;4;4;2;0
08.05.2016;16:00;3;203;148;2;18;32;3
08.05.2016;17:00;1;398;382;5;9;1;1
08.05.2016;17:00;3;170;123;1;12;25;7
08.05.2016;18:00;1;358;349;1;4;3;1
08.05.2016;18:00;3;209;163;2;10;31;3
08.05.2016;19:00;1;403;395;3;2;2;1
08.05.2016;19:00;3;207;158;4;16;25;4
08.05.2016;20:00;1;384;374;2;4;2;1
08.05.2016;20:00;3;194;146;2;12;30;4
08.05.2016;21:00;1;369;357;3;5;2;1
08.05.2016;21:00;3;181;142;3;8;23;5
08.05.2016;22:00;1;259;250;1;3;3;1
08.05.2016;22:00;3;128;94;2;9;20;3
08.05.2016;23:00;1;180;174;0;3;2;1
08.05.2016;23:00;3;120;88;2;8;19;3
08.05.2016;24:00;1;102;89;2;5;4;2
08.05.2016;24:00;3;80;50;2;8;17;3
09.05.2016;01:00;1;56;51;1;2;1;1
09.05.2016;01:00;3;45;32;0;2;9;2
09.05.2016;02:00;1;35;35;0;0;0;0
09.05.2016;02:00;3;24;22;0;0;2;0
09.05.2016;03:00;1;18;17;1;0;0;0
09.05.2016;03:00;3;13;12;0;0;1;0
09.05.2016;04:00;1;15;15;0;0;0;0
09.05.2016;04:00;3;19;17;0;0;2;0
09.05.2016;05:00;1;18;18;0;0;0;0
09.05.2016;05:00;3;14;9;0;1;4;0
09.05.2016;06:00;1;29;20;2;5;2;0
09.05.2016;06:00;3;25;10;1;4;10;0
09.05.2016;07:00;1;213;165;5;28;10;3
09.05.2016;07:00;3;122;42;1;19;53;7
09.05.2016;08:00;1;416;341;23;32;15;3
09.05.2016;08:00;3;219;75;5;39;77;21
09.05.2016;09:00;1;477;422;16;32;5;2
09.05.2016;09:00;3;249;103;7;65;58;14
09.05.2016;10:00;1;434;375;27;23;7;1
09.05.2016;10:00;3;237;132;11;35;49;10
09.05.2016;11:00;1;428;377;22;21;5;3
09.05.2016;11:00;3;222;125;12;35;41;9
09.05.2016;12:00;1;447;388;28;21;7;3
09.05.2016;12:00;3;220;137;8;24;37;12
09.05.2016;13:00;1;459;410;25;17;5;1
09.05.2016;13:00;3;253;153;12;27;47;12
09.05.2016;14:00;1;434;379;24;22;5;1
09.05.2016;14:00;3;234;139;13;34;35;10
09.05.2016;15:00;1;449;390;24;20;11;4
09.05.2016;15:00;3;251;121;5;57;57;10
09.05.2016;16:00;1;513;453;19;26;10;3
09.05.2016;16:00;3;282;130;4;52;75;20
09.05.2016;17:00;1;489;430;13;26;11;4
09.05.2016;17:00;3;284;140;6;55;66;15
09.05.2016;18:00;1;402;366;8;16;9;2
09.05.2016;18:00;3;229;128;6;35;45;15
09.05.2016;19:00;1;359;336;3;13;4;2
09.05.2016;19:00;3;189;108;6;21;43;11
09.05.2016;20:00;1;323;307;2;8;5;1
09.05.2016;20:00;3;150;86;1;16;38;9
09.05.2016;21:00;1;334;316;2;7;6;2
09.05.2016;21:00;3;164;103;0;22;32;7
09.05.2016;22:00;1;238;219;6;7;6;0
09.05.2016;22:00;3;141;93;0;17;25;6
09.05.2016;23:00;1;199;186;0;6;6;1
09.05.2016;23:00;3;108;63;2;17;19;7
09.05.2016;24:00;1;133;120;3;5;4;1
09.05.2016;24:00;3;102;62;1;11;23;4
10.05.2016;01:00;1;52;41;2;4;3;2
10.05.2016;01:00;3;46;24;0;4;13;5
10.05.2016;02:00;1;24;23;0;0;1;0
10.05.2016;02:00;3;27;23;0;1;2;1
10.05.2016;03:00;1;16;15;1;0;0;0
10.05.2016;03:00;3;12;11;0;0;1;0
10.05.2016;04:00;1;15;15;0;0;0;0
10.05.2016;04:00;3;20;17;1;0;2;0
10.05.2016;05:00;1;13;11;1;1;0;0
10.05.2016;05:00;3;17;11;0;1;5;0
10.05.2016;06:00;1;41;30;4;5;1;1
10.05.2016;06:00;3;29;16;1;4;8;0
10.05.2016;07:00;1;210;160;14;24;10;2
10.05.2016;07:00;3;138;54;2;27;50;5
10.05.2016;08:00;1;336;282;13;24;11;6
10.05.2016;08:00;3;176;64;5;47;40;14
10.05.2016;09:00;1;487;414;28;30;9;5
10.05.2016;09:00;3;305;132;6;64;76;23
10.05.2016;10:00;1;414;353;23;31;4;1
10.05.2016;10:00;3;226;122;7;42;43;12
10.05.2016;11:00;1;458;408;21;25;3;1
10.05.2016;11:00;3;227;133;11;29;46;8
10.05.2016;12:00;1;457;400;26;24;5;2
10.05.2016;12:00;3;217;142;8;21;40;6
10.05.2016;13:00;1;463;410;20;21;9;1
10.05.2016;13:00;3;227;136;10;32;40;9
10.05.2016;14:00;1;499;446;21;22;6;4
10.05.2016;14:00;3;240;150;9;28;42;10
10.05.2016;15:00;1;488;435;20;21;9;2
10.05.2016;15:00;3;291;154;5;47;66;17
10.05.2016;16:00;1;509;443;12;31;15;6
10.05.2016;16:00;3;294;143;9;54;67;17
10.05.2016;17:00;1;486;442;4;26;11;2
10.05.2016;17:00;3;274;131;8;40;74;18
10.05.2016;18:00;1;504;465;12;16;8;3
10.05.2016;18:00;3;275;176;4;36;49;10
10.05.2016;19:00;1;430;404;4;14;8;0
10.05.2016;19:00;3;211;139;3;24;31;13
10.05.2016;20:00;1;390;365;6;11;6;2
10.05.2016;20:00;3;184;113;3;20;37;9
10.05.2016;21:00;1;343;327;2;7;6;1
10.05.2016;21:00;3;164;100;3;27;27;7
10.05.2016;22:00;1;262;242;5;10;3;2
10.05.2016;22:00;3;149;104;0;12;28;4
10.05.2016;23:00;1;222;205;3;11;3;0
10.05.2016;23:00;3;103;63;1;15;18;6
10.05.2016;24:00;1;126;112;0;10;3;1
10.05.2016;24:00;3;91;55;1;11;20;4
11.05.2016;01:00;1;51;37;4;6;3;1
11.05.2016;01:00;3;67;45;0;5;10;7
11.05.2016;02:00;1;29;28;0;0;1;0
11.05.2016;02:00;3;39;37;0;0;1;1
11.05.2016;03:00;1;23;22;0;0;1;0
11.05.2016;03:00;3;22;21;0;1;0;0
11.05.2016;04:00;1;17;15;1;1;0;0
11.05.2016;04:00;3;36;33;0;1;2;0
11.05.2016;05:00;1;14;11;2;1;0;0
11.05.2016;05:00;3;21;17;0;1;3;0
11.05.2016;06:00;1;36;27;4;5;0;0
11.05.2016;06:00;3;39;23;1;4;10;1
11.05.2016;07:00;1;214;170;7;26;6;5
11.05.2016;07:00;3;133;48;3;30;45;7
11.05.2016;08:00;1;405;341;21;25;10;7
11.05.2016;08:00;3;223;74;5;63;60;19
11.05.2016;09:00;1;501;432;26;33;5;3
11.05.2016;09:00;3;259;102;2;69;71;13
11.05.2016;10:00;1;425;369;14;28;8;5
11.05.2016;10:00;3;227;128;4;52;34;7
11.05.2016;11:00;1;435;365;34;24;7;3
11.05.2016;11:00;3;215;119;10;37;38;11
11.05.2016;12:00;1;418;368;25;16;7;2
11.05.2016;12:00;3;223;138;6;32;38;9
11.05.2016;13:00;1;485;423;28;25;5;1
11.05.2016;13:00;3;232;142;13;25;40;12
11.05.2016;14:00;1;473;429;15;22;4;2
11.05.2016;14:00;3;239;140;11;37;40;10
11.05.2016;15:00;1;471;420;18;24;5;2
11.05.2016;15:00;3;269;139;8;43;62;16
11.05.2016;16:00;1;490;426;21;26;13;4
11.05.2016;16:00;3;292;133;11;56;75;17
11.05.2016;17:00;1;495;450;11;20;8;4
11.05.2016;17:00;3;264;124;7;55;65;12
11.05.2016;18:00;1;455;420;6;19;7;2
11.05.2016;18:00;3;264;153;9;38;49;15
11.05.2016;19:00;1;399;373;6;15;3;1
11.05.2016;19:00;3;217;142;2;27;35;11
11.05.2016;20:00;1;349;327;2;12;7;1
11.05.2016;20:00;3;173;108;0;17;39;8
11.05.2016;21:00;1;355;335;7;6;6;0
11.05.2016;21:00;3;189;125;3;23;29;8
11.05.2016;22:00;1;298;282;2;9;4;1
11.05.2016;22:00;3;152;99;2;19;27;5
11.05.2016;23:00;1;219;208;1;7;3;0
11.05.2016;23:00;3;121;77;2;15;22;5
11.05.2016;24:00;1;127;117;0;9;1;0
11.05.2016;24:00;3;107;67;0;13;23;4
12.05.2016;01:00;1;74;65;3;4;2;0
12.05.2016;01:00;3;75;48;1;6;13;7
12.05.2016;02:00;1;30;30;0;0;0;0
12.05.2016;02:00;3;52;51;0;0;1;0
12.05.2016;03:00;1;21;20;0;1;0;0
12.05.2016;03:00;3;32;32;0;0;0;0
12.05.2016;04:00;1;16;16;0;0;0;0
12.05.2016;04:00;3;26;23;1;0;2;0
12.05.2016;05:00;1;19;17;0;2;0;0
12.05.2016;05:00;3;17;11;0;2;4;0
12.05.2016;06:00;1;49;38;3;6;1;1
12.05.2016;06:00;3;32;19;1;3;9;0
12.05.2016;07:00;1;203;159;9;20;11;4
12.05.2016;07:00;3;127;49;0;26;46;6
12.05.2016;08:00;1;382;324;10;35;7;6
12.05.2016;08:00;3;195;55;4;56;65;15
12.05.2016;09:00;1;527;453;27;35;5;2
12.05.2016;09:00;3;269;106;13;66;68;15
12.05.2016;10:00;1;454;401;12;29;7;4
12.05.2016;10:00;3;224;126;9;31;45;12
12.05.2016;11:00;1;431;377;22;22;8;1
12.05.2016;11:00;3;237;146;6;31;39;14
12.05.2016;12:00;1;458;413;16;24;3;1
12.05.2016;12:00;3;241;151;8;30;42;10
12.05.2016;13:00;1;493;454;22;14;3;0
12.05.2016;13:00;3;258;166;11;32;35;11
12.05.2016;14:00;1;435;385;18;24;5;1
12.05.2016;14:00;3;233;139;9;29;44;11
12.05.2016;15:00;1;437;387;18;18;3;1
12.05.2016;15:00;3;285;154;10;46;65;10
12.05.2016;16:00;1;400;340;13;24;11;2
12.05.2016;16:00;3;288;124;3;72;71;16
12.05.2016;17:00;1;487;438;10;24;11;3
12.05.2016;17:00;3;262;124;6;55;59;17
12.05.2016;18:00;1;461;427;10;13;7;1
12.05.2016;18:00;3;259;149;7;39;43;19
12.05.2016;19:00;1;439;408;4;18;5;2
12.05.2016;19:00;3;226;145;6;27;38;10
12.05.2016;20:00;1;373;348;5;12;4;2
12.05.2016;20:00;3;226;159;3;16;37;11
12.05.2016;21:00;1;351;329;3;8;7;2
12.05.2016;21:00;3;164;109;2;21;26;6
12.05.2016;22:00;1;218;204;3;5;2;2
12.05.2016;22:00;3;138;94;1;12;26;5
12.05.2016;23:00;1;151;134;1;4;2;2
12.05.2016;23:00;3;108;64;0;11;26;7
12.05.2016;24:00;1;101;84;1;4;0;1
12.05.2016;24:00;3;116;78;3;10;21;4
13.05.2016;01:00;1;63;53;1;1;2;0
13.05.2016;01:00;3;94;71;0;4;14;5
13.05.2016;02:00;1;30;27;1;1;0;0
13.05.2016;02:00;3;71;69;0;1;0;1
13.05.2016;03:00;1;30;28;0;1;0;0
13.05.2016;03:00;3;55;52;1;1;0;0
13.05.2016;04:00;1;16;15;1;0;0;0
13.05.2016;04:00;3;50;48;0;1;1;0
13.05.2016;05:00;1;6;5;0;0;0;0
13.05.2016;05:00;3;23;18;0;2;3;0
13.05.2016;06:00;1;22;13;5;1;1;0
13.05.2016;06:00;3;34;24;0;2;8;0
13.05.2016;07:00;1;126;95;8;16;3;2
13.05.2016;07:00;3;131;52;1;27;45;6
13.05.2016;08:00;1;277;236;12;13;4;2
13.05.2016;08:00;3;225;69;5;60;72;17
13.05.2016;09:00;1;299;248;14;10;2;1
13.05.2016;09:00;3;253;97;7;59;65;24
13.05.2016;10:00;1;304;237;12;8;1;5
13.05.2016;10:00;3;239;134;16;35;43;10
13.05.2016;11:00;1;393;349;15;19;3;1
13.05.2016;11:00;3;260;158;13;31;46;11
13.05.2016;12:00;1;445;387;21;27;3;1
13.05.2016;12:00;3;215;129;10;28;41;7
13.05.2016;13:00;1;449;406;19;16;4;2
13.05.2016;13:00;3;262;164;10;39;36;13
13.05.2016;14:00;1;439;395;13;16;2;4
13.05.2016;14:00;3;260;176;11;30;38;5
13.05.2016;15:00;1;448;398;14;19;6;3
13.05.2016;15:00;3;341;192;13;50;70;14
13.05.2016;16:00;1;509;457;9;26;8;5
13.05.2016;16:00;3;303;140;4;62;78;13
13.05.2016;17:00;1;555;510;15;20;8;1
13.05.2016;17:00;3;302;141;7;59;82;12
13.05.2016;18:00;1;446;405;16;18;5;2
13.05.2016;18:00;3;278;164;6;41;51;15
13.05.2016;19:00;1;421;394;2;13;7;2
13.05.2016;19:00;3;235;157;6;24;39;8
13.05.2016;20:00;1;397;376;6;9;3;2
13.05.2016;20:00;3;205;131;3;25;36;9
13.05.2016;21:00;1;341;322;3;13;2;1
13.05.2016;21:00;3;197;133;3;24;31;6
13.05.2016;22:00;1;294;280;2;7;4;1
13.05.2016;22:00;3;166;114;2;18;26;5
13.05.2016;23:00;1;242;229;2;7;3;1
13.05.2016;23:00;3;155;106;1;18;25;5
13.05.2016;24:00;1;234;222;1;11;0;0
13.05.2016;24:00;3;177;132;4;19;17;5
14.05.2016;01:00;1;231;218;3;7;1;2
14.05.2016;01:00;3;189;161;4;8;11;5
14.05.2016;02:00;1;178;175;0;1;1;0
14.05.2016;02:00;3;190;174;3;1;8;2
14.05.2016;03:00;1;155;147;0;7;1;0
14.05.2016;03:00;3;160;140;2;5;8;3
14.05.2016;04:00;1;107;104;0;2;0;1
14.05.2016;04:00;3;125;121;0;1;3;0
14.05.2016;05:00;1;46;43;2;1;0;0
14.05.2016;05:00;3;63;58;0;2;3;0
14.05.2016;06:00;1;26;20;5;1;0;0
14.05.2016;06:00;3;37;33;1;0;3;0
14.05.2016;07:00;1;53;41;3;7;1;1
14.05.2016;07:00;3;51;25;2;7;13;4
14.05.2016;08:00;1;81;65;2;10;2;2
14.05.2016;08:00;3;66;31;1;8;22;4
14.05.2016;09:00;1;106;86;1;14;3;2
14.05.2016;09:00;3;79;44;2;11;18;4
14.05.2016;10:00;1;198;177;6;9;5;1
14.05.2016;10:00;3;118;75;0;15;20;8
14.05.2016;11:00;1;473;436;10;24;2;1
14.05.2016;11:00;3;226;170;3;18;27;8
14.05.2016;12:00;1;424;399;6;15;3;1
14.05.2016;12:00;3;191;131;5;23;23;9
14.05.2016;13:00;1;451;428;5;14;3;1
14.05.2016;13:00;3;211;149;3;25;25;9
14.05.2016;14:00;1;488;470;6;7;4;1
14.05.2016;14:00;3;222;152;6;20;34;9
14.05.2016;15:00;1;487;465;5;10;4;2
14.05.2016;15:00;3;193;127;5;17;36;8
14.05.2016;16:00;1;446;422;5;11;5;1
14.05.2016;16:00;3;197;130;4;20;30;13
14.05.2016;17:00;1;395;375;7;8;3;1
14.05.2016;17:00;3;205;140;4;19;32;10
14.05.2016;18:00;1;371;349;7;9;3;2
14.05.2016;18:00;3;189;133;3;17;26;10
14.05.2016;19:00;1;331;313;3;10;2;1
14.05.2016;19:00;3;163;117;3;10;27;6
14.05.2016;20:00;1;339;319;3;8;4;3
14.05.2016;20:00;3;184;143;2;17;16;6
14.05.2016;21:00;1;291;283;0;4;2;1
14.05.2016;21:00;3;151;103;2;10;29;6
14.05.2016;22:00;1;235;227;2;4;1;1
14.05.2016;22:00;3;140;100;0;18;18;4
14.05.2016;23:00;1;237;226;1;7;1;1
14.05.2016;23:00;3;145;111;1;10;19;4
14.05.2016;24:00;1;268;258;1;5;3;1
14.05.2016;24:00;3;200;159;6;11;21;3
15.05.2016;01:00;1;325;313;2;5;3;2
15.05.2016;01:00;3;254;224;2;10;12;4
15.05.2016;02:00;1;267;265;0;2;0;0
15.05.2016;02:00;3;210;191;1;4;12;2
15.05.2016;03:00;1;271;257;1;8;3;1
15.05.2016;03:00;3;248;225;2;4;13;1
15.05.2016;04:00;1;184;181;0;3;0;0
15.05.2016;04:00;3;178;171;2;1;3;0
15.05.2016;05:00;1;77;74;0;2;1;0
15.05.2016;05:00;3;88;81;0;3;4;0
15.05.2016;06:00;1;37;36;1;0;0;0
15.05.2016;06:00;3;39;35;0;1;3;0
15.05.2016;07:00;1;23;20;1;2;0;0
15.05.2016;07:00;3;39;26;0;2;10;1
15.05.2016;08:00;1;48;41;2;4;1;0
15.05.2016;08:00;3;42;23;0;3;13;3
15.05.2016;09:00;1;57;50;0;4;2;1
15.05.2016;09:00;3;46;18;5;6;14;3
15.05.2016;10:00;1;87;78;1;7;0;1
15.05.2016;10:00;3;62;38;0;8;13;3
15.05.2016;11:00;1;192;178;4;5;4;1
15.05.2016;11:00;3;99;70;1;5;20;3
15.05.2016;12:00;1;329;320;2;6;0;1
15.05.2016;12:00;3;140;100;4;9;23;4
15.05.2016;13:00;1;402;390;3;6;2;1
15.05.2016;13:00;3;166;127;2;10;23;4
15.05.2016;14:00;1;423;408;4;6;3;1
15.05.2016;14:00;3;177;132;1;14;26;4
15.05.2016;15:00;1;435;424;3;6;0;1
15.05.2016;15:00;3;178;137;2;12;23;3
15.05.2016;16:00;1;437;420;5;9;2;1
15.05.2016;16:00;3;203;160;0;13;25;5
15.05.2016;17:00;1;381;368;3;7;1;1
15.05.2016;17:00;3;161;122;1;11;24;3
15.05.2016;18:00;1;412;396;2;9;4;0
15.05.2016;18:00;3;161;119;3;8;26;5
15.05.2016;19:00;1;434;420;4;5;3;1
15.05.2016;19:00;3;194;147;3;12;26;6
15.05.2016;20:00;1;392;382;1;5;3;0
15.05.2016;20:00;3;159;119;1;9;25;5
15.05.2016;21:00;1;385;373;1;6;4;1
15.05.2016;21:00;3;143;101;4;11;23;4
15.05.2016;22:00;1;303;290;5;4;3;1
15.05.2016;22:00;3;123;88;1;12;18;4
15.05.2016;23:00;1;248;242;1;3;0;1
15.05.2016;23:00;3;129;98;1;5;22;3
15.05.2016;24:00;1;189;181;0;5;3;0
15.05.2016;24:00;3;105;74;0;7;20;4
16.05.2016;01:00;1;148;143;0;3;1;1
16.05.2016;01:00;3;97;85;3;0;7;2
16.05.2016;02:00;1;92;92;0;0;0;0
16.05.2016;02:00;3;79;77;1;0;1;0
16.05.2016;03:00;1;98;98;0;0;0;0
16.05.2016;03:00;3;81;81;0;0;0;0
16.05.2016;04:00;1;52;31;0;0;0;0
16.05.2016;04:00;3;56;52;0;1;3;0
16.05.2016;05:00;1;19;3;0;0;0;0
16.05.2016;05:00;3;33;28;1;0;4;0
16.05.2016;06:00;1;2;2;0;0;0;0
16.05.2016;06:00;3;30;23;0;1;6;0
16.05.2016;07:00;1;7;7;0;0;0;0
16.05.2016;07:00;3;32;18;1;4;8;1
16.05.2016;08:00;1;51;23;0;0;0;0
16.05.2016;08:00;3;55;32;1;4;15;3
16.05.2016;09:00;1;89;16;0;0;0;0
16.05.2016;09:00;3;61;34;1;6;16;4
16.05.2016;10:00;1;61;23;0;1;0;0
16.05.2016;10:00;3;78;51;1;8;15;3
16.05.2016;11:00;1;171;111;3;0;2;1
16.05.2016;11:00;3;118;88;2;5;19;4
16.05.2016;12:00;1;196;171;1;3;1;1
16.05.2016;12:00;3;155;119;3;6;22;5
16.05.2016;13:00;1;235;203;4;4;1;2
16.05.2016;13:00;3;208;165;0;14;22;6
16.05.2016;14:00;1;152;122;2;2;0;7
16.05.2016;14:00;3;223;185;1;11;21;4
16.05.2016;15:00;1;158;123;0;3;2;7
16.05.2016;15:00;3;205;160;2;12;25;5
16.05.2016;16:00;1;190;168;5;8;0;0
16.05.2016;16:00;3;247;201;3;14;25;4
16.05.2016;17:00;1;345;312;5;5;1;0
16.05.2016;17:00;3;252;196;4;15;30;6
16.05.2016;18:00;1;263;226;3;4;1;5
16.05.2016;18:00;3;252;205;5;12;25;5
16.05.2016;19:00;1;228;175;2;3;1;7
16.05.2016;19:00;3;222;173;1;16;26;5
16.05.2016;20:00;1;174;126;3;1;0;6
16.05.2016;20:00;3;183;138;0;11;30;4
16.05.2016;21:00;1;174;142;2;4;1;3
16.05.2016;21:00;3;222;174;3;13;28;4
16.05.2016;22:00;1;144;124;1;3;1;4
16.05.2016;22:00;3;216;172;1;15;24;4
16.05.2016;23:00;1;202;178;3;3;0;5
16.05.2016;23:00;3;194;160;3;9;18;4
16.05.2016;24:00;1;218;186;3;4;2;0
16.05.2016;24:00;3;242;212;3;8;16;3
17.05.2016;01:00;1;200;155;3;2;2;2
17.05.2016;01:00;3;261;236;9;3;10;3
17.05.2016;02:00;1;137;111;0;1;0;6
17.05.2016;02:00;3;229;214;2;5;7;1
17.05.2016;03:00;1;152;144;2;2;1;1
17.05.2016;03:00;3;233;217;0;2;12;2
17.05.2016;04:00;1;104;68;2;0;3;4
17.05.2016;04:00;3;178;171;1;0;4;2
17.05.2016;05:00;1;89;40;1;0;2;2
17.05.2016;05:00;3;83;74;3;1;5;0
17.05.2016;06:00;1;61;33;0;0;0;2
17.05.2016;06:00;3;38;31;1;0;5;0
17.05.2016;07:00;1;72;42;3;0;1;1
17.05.2016;07:00;3;86;70;1;4;10;1
17.05.2016;08:00;1;30;6;0;0;0;2
17.05.2016;08:00;3;11;9;1;1;0;0
17.05.2016;09:00;1;33;7;1;0;0;0
17.05.2016;09:00;3;4;2;0;0;0;0
17.05.2016;10:00;1;25;1;0;0;0;0
17.05.2016;10:00;3;2;2;0;0;0;0
17.05.2016;11:00;1;36;5;0;0;0;0
17.05.2016;11:00;3;0;0;0;0;0;0
17.05.2016;12:00;1;35;1;0;0;0;0
17.05.2016;12:00;3;1;;;;;
17.05.2016;13:00;1;7;;;;;
17.05.2016;13:00;3;1;1;0;0;0;0
17.05.2016;14:00;1;0;0;0;0;0;0
17.05.2016;14:00;3;3;3;0;0;0;0
17.05.2016;15:00;1;2;2;0;0;0;0
17.05.2016;15:00;3;2;2;0;0;0;0
17.05.2016;16:00;1;324;285;4;10;24;1
17.05.2016;16:00;3;209;137;3;26;36;7
17.05.2016;17:00;1;445;423;8;3;10;1
17.05.2016;17:00;3;236;171;4;12;40;9
17.05.2016;18:00;1;460;440;11;3;5;1
17.05.2016;18:00;3;276;218;11;20;24;3
17.05.2016;19:00;1;501;485;6;5;3;1
17.05.2016;19:00;3;302;243;2;21;28;6
17.05.2016;20:00;1;468;441;8;8;8;1
17.05.2016;20:00;3;267;216;6;12;26;6
17.05.2016;21:00;1;452;433;7;6;5;1
17.05.2016;21:00;3;260;204;7;21;23;4
17.05.2016;22:00;1;405;392;6;1;5;1
17.05.2016;22:00;3;244;196;5;14;25;4
17.05.2016;23:00;1;320;309;2;5;4;0
17.05.2016;23:00;3;215;181;2;11;16;4
17.05.2016;24:00;1;299;281;3;3;10;1
17.05.2016;24:00;3;185;151;2;8;19;4
18.05.2016;01:00;1;173;164;1;3;4;1
18.05.2016;01:00;3;166;152;1;3;8;2
18.05.2016;02:00;1;111;109;1;0;1;0
18.05.2016;02:00;3;148;145;1;0;2;0
18.05.2016;03:00;1;81;80;1;0;0;0
18.05.2016;03:00;3;122;121;1;0;0;0
18.05.2016;04:00;1;77;77;0;0;0;0
18.05.2016;04:00;3;99;98;0;0;1;0
18.05.2016;05:00;1;46;43;1;2;0;0
18.05.2016;05:00;3;58;51;1;1;5;0
18.05.2016;06:00;1;53;40;6;6;1;0
18.05.2016;06:00;3;45;33;0;6;5;1
18.05.2016;07:00;1;216;171;6;22;12;5
18.05.2016;07:00;3;129;49;0;30;45;5
18.05.2016;08:00;1;418;342;23;34;15;4
18.05.2016;08:00;3;191;53;6;56;55;20
18.05.2016;09:00;1;446;373;29;27;14;3
18.05.2016;09:00;3;240;82;2;58;78;19
18.05.2016;10:00;1;411;351;21;22;15;2
18.05.2016;10:00;3;217;116;6;34;46;15
18.05.2016;11:00;1;440;384;24;26;3;3
18.05.2016;11:00;3;230;131;9;28;49;12
18.05.2016;12:00;1;462;399;23;27;11;2
18.05.2016;12:00;3;207;118;7;32;39;9
18.05.2016;13:00;1;437;389;19;14;13;1
18.05.2016;13:00;3;248;159;10;28;39;12
18.05.2016;14:00;1;426;365;21;22;14;3
18.05.2016;14:00;3;215;128;7;28;43;9
18.05.2016;15:00;1;489;429;27;21;8;2
18.05.2016;15:00;3;275;131;12;43;70;16
18.05.2016;16:00;1;453;385;18;28;16;5
18.05.2016;16:00;3;248;112;6;58;56;14
18.05.2016;17:00;1;525;472;15;12;24;2
18.05.2016;17:00;3;294;147;5;58;65;17
18.05.2016;18:00;1;422;385;4;16;12;4
18.05.2016;18:00;3;226;126;2;38;44;16
18.05.2016;19:00;1;389;358;12;6;11;2
18.05.2016;19:00;3;180;112;2;13;43;10
18.05.2016;20:00;1;306;289;2;5;8;2
18.05.2016;20:00;3;178;109;2;23;35;8
18.05.2016;21:00;1;304;286;4;5;7;2
18.05.2016;21:00;3;152;98;0;14;35;5
18.05.2016;22:00;1;189;170;3;6;8;2
18.05.2016;22:00;3;140;91;2;18;23;6
18.05.2016;23:00;1;158;147;1;4;4;2
18.05.2016;23:00;3;95;54;1;12;23;5
18.05.2016;24:00;1;117;105;1;4;5;2
18.05.2016;24:00;3;83;44;0;16;19;4
19.05.2016;01:00;1;40;33;1;2;2;2
19.05.2016;01:00;3;59;35;0;5;12;6
19.05.2016;02:00;1;18;17;0;0;1;0
19.05.2016;02:00;3;30;29;0;0;1;0
19.05.2016;03:00;1;15;15;0;0;0;0
19.05.2016;03:00;3;27;26;1;0;0;0
19.05.2016;04:00;1;17;14;2;1;0;0
19.05.2016;04:00;3;19;17;0;0;2;0
19.05.2016;05:00;1;18;13;1;3;1;0
19.05.2016;05:00;3;26;21;0;1;4;0
19.05.2016;06:00;1;31;21;3;4;3;0
19.05.2016;06:00;3;30;15;0;2;11;2
19.05.2016;07:00;1;209;163;8;16;16;5
19.05.2016;07:00;3;119;41;2;26;44;6
19.05.2016;08:00;1;400;333;22;25;14;6
19.05.2016;08:00;3;202;61;5;50;71;14
19.05.2016;09:00;1;479;407;25;28;14;5
19.05.2016;09:00;3;253;104;3;58;60;27
19.05.2016;10:00;1;445;380;24;26;11;4
19.05.2016;10:00;3;245;131;13;46;39;14
19.05.2016;11:00;1;435;371;24;28;11;1
19.05.2016;11:00;3;236;148;6;29;40;12
19.05.2016;12:00;1;480;424;31;14;8;0
19.05.2016;12:00;3;233;141;10;23;44;15
19.05.2016;13:00;1;445;394;24;16;9;1
19.05.2016;13:00;3;240;152;11;31;38;8
19.05.2016;14:00;1;481;424;23;17;13;4
19.05.2016;14:00;3;221;129;6;39;38;8
19.05.2016;15:00;1;501;434;26;17;20;3
19.05.2016;15:00;3;256;129;10;38;59;20
19.05.2016;16:00;1;523;454;23;24;18;4
19.05.2016;16:00;3;259;111;6;58;63;16
19.05.2016;17:00;1;570;522;10;18;16;4
19.05.2016;17:00;3;268;125;2;51;70;17
19.05.2016;18:00;1;455;413;9;13;17;3
19.05.2016;18:00;3;231;129;2;38;47;14
19.05.2016;19:00;1;459;429;6;11;12;1
19.05.2016;19:00;3;210;132;3;25;40;10
19.05.2016;20:00;1;349;321;9;5;11;3
19.05.2016;20:00;3;172;106;1;21;36;8
19.05.2016;21:00;1;311;288;4;7;10;1
19.05.2016;21:00;3;176;117;3;13;36;7
19.05.2016;22:00;1;231;213;4;5;6;2
19.05.2016;22:00;3;144;94;0;18;29;3
19.05.2016;23:00;1;190;177;1;5;6;1
19.05.2016;23:00;3;104;62;0;16;20;6
19.05.2016;24:00;1;120;111;0;3;5;1
19.05.2016;24:00;3;101;65;0;9;23;4
20.05.2016;01:00;1;67;58;1;3;4;1
20.05.2016;01:00;3;67;44;0;4;12;7
20.05.2016;02:00;1;39;39;0;0;0;0
20.05.2016;02:00;3;43;40;0;0;3;0
20.05.2016;03:00;1;27;27;0;0;0;0
20.05.2016;03:00;3;40;39;0;0;1;0
20.05.2016;04:00;1;17;17;0;0;0;0
20.05.2016;04:00;3;29;27;0;0;2;0
20.05.2016;05:00;1;14;13;0;1;0;0
20.05.2016;05:00;3;20;16;0;1;3;0
20.05.2016;06:00;1;28;16;4;6;2;0
20.05.2016;06:00;3;32;14;0;8;9;1
20.05.2016;07:00;1;204;151;10;20;17;6
20.05.2016;07:00;3;126;50;1;20;50;5
20.05.2016;08:00;1;377;309;15;30;18;5
20.05.2016;08:00;3;216;65;6;47;79;15
20.05.2016;09:00;1;500;429;29;30;8;4
20.05.2016;09:00;3;264;99;6;61;77;20
20.05.2016;10:00;1;397;332;29;24;11;1
20.05.2016;10:00;3;230;113;10;50;44;13
20.05.2016;11:00;1;443;392;25;15;9;1
20.05.2016;11:00;3;213;117;10;36;40;10
20.05.2016;12:00;1;458;406;17;24;8;2
20.05.2016;12:00;3;238;148;11;28;40;11
20.05.2016;13:00;1;486;443;22;14;6;1
20.05.2016;13:00;3;229;130;9;33;42;15
20.05.2016;14:00;1;483;425;25;21;9;2
20.05.2016;14:00;3;260;165;11;30;42;11
20.05.2016;15:00;1;509;451;28;20;7;3
20.05.2016;15:00;3;287;154;5;36;72;20
20.05.2016;16:00;1;522;461;15;20;20;6
20.05.2016;16:00;3;313;142;11;51;92;17
20.05.2016;17:00;1;564;515;15;19;12;2
20.05.2016;17:00;3;301;149;4;50;80;17
20.05.2016;18:00;1;528;483;17;16;10;2
20.05.2016;18:00;3;309;194;5;30;61;18
20.05.2016;19:00;1;464;428;15;11;7;3
20.05.2016;19:00;3;228;155;3;26;36;8
20.05.2016;20:00;1;356;338;2;6;9;1
20.05.2016;20:00;3;180;109;1;17;45;8
20.05.2016;21:00;1;290;266;8;6;7;2
20.05.2016;21:00;3;144;91;2;17;28;6
20.05.2016;22:00;1;263;244;0;7;9;2
20.05.2016;22:00;3;142;97;0;15;24;6
20.05.2016;23:00;1;208;191;4;5;7;1
20.05.2016;23:00;3;139;94;3;15;23;4
20.05.2016;24:00;1;237;224;2;5;6;0
20.05.2016;24:00;3;145;108;2;15;16;4
21.05.2016;01:00;1;182;172;2;4;2;2
21.05.2016;01:00;3;157;126;0;8;15;7
21.05.2016;02:00;1;155;152;0;3;0;0
21.05.2016;02:00;3;159;143;1;6;7;2
21.05.2016;03:00;1;161;156;0;4;1;0
21.05.2016;03:00;3;196;178;0;5;10;3
21.05.2016;04:00;1;89;86;1;0;0;1
21.05.2016;04:00;3;115;109;1;2;3;0
21.05.2016;05:00;1;35;33;1;1;0;0
21.05.2016;05:00;3;34;31;0;0;3;0
21.05.2016;06:00;1;23;19;2;2;0;0
21.05.2016;06:00;3;22;20;0;0;2;0
21.05.2016;07:00;1;42;29;6;3;3;1
21.05.2016;07:00;3;37;13;1;7;12;4
21.05.2016;08:00;1;68;46;6;8;6;2
21.05.2016;08:00;3;67;28;1;10;24;4
21.05.2016;09:00;1;113;89;3;11;9;1
21.05.2016;09:00;3;84;41;2;12;24;5
21.05.2016;10:00;1;204;184;8;5;5;2
21.05.2016;10:00;3;100;50;4;14;23;8
21.05.2016;11:00;1;339;311;7;9;10;2
21.05.2016;11:00;3;126;71;5;14;29;7
21.05.2016;12:00;1;403;382;3;8;9;1
21.05.2016;12:00;3;183;120;5;13;35;10
21.05.2016;13:00;1;465;440;6;6;10;2
21.05.2016;13:00;3;230;161;9;18;34;8
21.05.2016;14:00;1;487;465;12;5;4;1
21.05.2016;14:00;3;226;158;6;24;29;9
21.05.2016;15:00;1;471;445;17;4;5;0
21.05.2016;15:00;3;240;164;2;20;42;11
21.05.2016;16:00;1;490;463;9;10;6;2
21.05.2016;16:00;3;257;179;8;21;42;7
21.05.2016;17:00;1;433;415;9;5;2;2
21.05.2016;17:00;3;220;158;3;16;34;9
21.05.2016;18:00;1;398;379;6;8;3;2
21.05.2016;18:00;3;176;117;1;19;29;9
21.05.2016;19:00;1;385;365;5;7;6;1
21.05.2016;19:00;3;193;149;2;8;28;6
21.05.2016;20:00;1;282;270;1;3;6;2
21.05.2016;20:00;3;172;126;4;18;17;6
21.05.2016;21:00;1;286;274;0;3;7;2
21.05.2016;21:00;3;145;103;2;12;22;5
21.05.2016;22:00;1;228;215;3;4;5;1
21.05.2016;22:00;3;129;95;2;13;15;4
21.05.2016;23:00;1;212;204;0;6;1;1
21.05.2016;23:00;3;158;121;3;12;18;4
21.05.2016;24:00;1;305;295;4;3;2;1
21.05.2016;24:00;3;178;139;3;17;14;5
22.05.2016;01:00;1;312;304;1;3;3;1
22.05.2016;01:00;3;229;201;4;8;12;4
22.05.2016;02:00;1;216;211;1;2;2;0
22.05.2016;02:00;3;192;172;2;9;7;2
22.05.2016;03:00;1;238;225;1;7;3;1
22.05.2016;03:00;3;183;166;0;5;10;2
22.05.2016;04:00;1;145;141;1;2;1;0
22.05.2016;04:00;3;141;136;1;0;4;0
22.05.2016;05:00;1;52;50;1;1;0;0
22.05.2016;05:00;3;82;74;0;3;5;0
22.05.2016;06:00;1;22;21;1;0;0;0
22.05.2016;06:00;3;31;27;0;0;4;0
22.05.2016;07:00;1;26;24;1;0;1;0
22.05.2016;07:00;3;41;25;2;4;9;1
22.05.2016;08:00;1;36;28;1;2;5;0
22.05.2016;08:00;3;38;16;1;4;14;3
22.05.2016;09:00;1;47;40;3;1;3;0
22.05.2016;09:00;3;62;27;1;8;22;4
22.05.2016;10:00;1;98;93;0;2;2;1
22.05.2016;10:00;3;77;43;1;9;21;3
22.05.2016;11:00;1;150;139;2;3;5;1
22.05.2016;11:00;3;100;61;1;11;23;3
22.05.2016;12:00;1;230;218;1;4;6;1
22.05.2016;12:00;3;134;87;0;12;31;4
22.05.2016;13:00;1;330;315;7;4;3;1
22.05.2016;13:00;3;154;105;0;14;28;4
22.05.2016;14:00;1;398;385;1;4;6;1
22.05.2016;14:00;3;158;106;0;11;36;4
22.05.2016;15:00;1;400;385;5;7;2;0
22.05.2016;15:00;3;173;120;4;12;33;4
22.05.2016;16:00;1;439;426;2;5;5;1
22.05.2016;16:00;3;202;149;4;18;27;4
22.05.2016;17:00;1;399;389;2;4;3;0
22.05.2016;17:00;3;215;167;3;12;29;4
22.05.2016;18:00;1;356;340;7;5;3;1
22.05.2016;18:00;3;177;135;0;14;22;6
22.05.2016;19:00;1;376;366;0;5;4;1
22.05.2016;19:00;3;158;115;2;9;26;6
22.05.2016;20:00;1;333;321;2;7;2;1
22.05.2016;20:00;3;148;106;2;8;28;4
22.05.2016;21:00;1;302;294;0;5;3;0
22.05.2016;21:00;3;150;111;0;10;24;4
22.05.2016;22:00;1;218;211;0;4;3;0
22.05.2016;22:00;3;117;81;2;10;20;4
22.05.2016;23:00;1;149;144;0;2;3;0
22.05.2016;23:00;3;92;62;1;7;18;4
22.05.2016;24:00;1;115;105;2;3;3;2
22.05.2016;24:00;3;72;43;1;8;17;3
23.05.2016;01:00;1;49;44;0;2;2;1
23.05.2016;01:00;3;45;35;0;1;7;2
23.05.2016;02:00;1;20;20;0;0;0;0
23.05.2016;02:00;3;25;23;0;0;2;0
23.05.2016;03:00;1;7;7;0;0;0;0
23.05.2016;03:00;3;12;11;0;0;1;0
23.05.2016;04:00;1;12;12;0;0;0;0
23.05.2016;04:00;3;12;9;0;1;2;0
23.05.2016;05:00;1;15;15;0;0;0;0
23.05.2016;05:00;3;15;11;0;1;3;0
23.05.2016;06:00;1;35;23;7;3;0;2
23.05.2016;06:00;3;39;22;0;6;11;0
23.05.2016;07:00;1;209;150;11;26;18;4
23.05.2016;07:00;3;113;38;2;18;48;7
23.05.2016;08:00;1;403;335;21;29;13;5
23.05.2016;08:00;3;210;66;5;45;81;13
23.05.2016;09:00;1;490;410;25;37;16;2
23.05.2016;09:00;3;271;97;9;70;78;17
23.05.2016;10:00;1;448;380;17;33;13;5
23.05.2016;10:00;3;220;99;16;43;46;16
23.05.2016;11:00;1;447;365;44;23;11;4
23.05.2016;11:00;3;234;128;9;38;47;11
23.05.2016;12:00;1;452;389;29;22;8;4
23.05.2016;12:00;3;235;141;15;30;41;8
23.05.2016;13:00;1;481;433;23;15;6;3
23.05.2016;13:00;3;269;157;6;46;44;15
23.05.2016;14:00;1;530;465;30;25;9;1
23.05.2016;14:00;3;241;132;11;39;47;11
23.05.2016;15:00;1;492;423;30;22;12;3
23.05.2016;15:00;3;291;149;9;56;63;12
23.05.2016;16:00;1;522;446;20;28;22;6
23.05.2016;16:00;3;266;115;8;60;69;14
23.05.2016;17:00;1;485;428;11;17;25;4
23.05.2016;17:00;3;277;139;6;54;57;21
23.05.2016;18:00;1;396;356;12;14;11;3
23.05.2016;18:00;3;211;121;3;34;37;16
23.05.2016;19:00;1;368;334;13;11;7;2
23.05.2016;19:00;3;184;104;5;24;43;8
23.05.2016;20:00;1;309;285;8;6;8;2
23.05.2016;20:00;3;160;93;1;22;35;8
23.05.2016;21:00;1;298;276;5;6;9;2
23.05.2016;21:00;3;153;97;3;18;29;6
23.05.2016;22:00;1;266;245;7;6;6;2
23.05.2016;22:00;3;141;90;2;15;29;5
23.05.2016;23:00;1;424;394;7;9;7;7
23.05.2016;23:00;3;205;160;3;11;25;6
23.05.2016;24:00;1;301;284;5;4;7;1
23.05.2016;24:00;3;142;103;0;13;21;5
24.05.2016;01:00;1;157;148;1;0;6;2
24.05.2016;01:00;3;79;51;1;6;14;7
24.05.2016;02:00;1;55;46;4;2;1;2
24.05.2016;02:00;3;21;17;1;0;1;2
24.05.2016;03:00;1;30;26;2;1;0;1
24.05.2016;03:00;3;25;23;0;0;1;1
24.05.2016;04:00;1;21;19;1;0;1;0
24.05.2016;04:00;3;15;11;0;0;2;2
24.05.2016;05:00;1;42;27;5;4;2;4
24.05.2016;05:00;3;23;16;0;5;2;0
24.05.2016;06:00;1;64;43;5;11;4;1
24.05.2016;06:00;3;37;19;1;7;10;0
24.05.2016;07:00;1;196;142;13;18;19;4
24.05.2016;07:00;3;137;59;1;24;48;5
24.05.2016;08:00;1;400;335;22;27;11;5
24.05.2016;08:00;3;202;59;2;55;71;13
24.05.2016;09:00;1;518;440;26;31;15;5
24.05.2016;09:00;3;267;105;7;56;77;20
24.05.2016;10:00;1;434;373;26;27;6;2
24.05.2016;10:00;3;246;141;8;39;41;16
24.05.2016;11:00;1;445;388;24;21;8;3
24.05.2016;11:00;3;206;118;8;25;46;9
24.05.2016;12:00;1;442;391;22;18;8;3
24.05.2016;12:00;3;218;137;7;23;44;7
24.05.2016;13:00;1;483;426;26;18;10;2
24.05.2016;13:00;3;237;145;7;26;47;12
24.05.2016;14:00;1;354;316;16;14;5;2
24.05.2016;14:00;3;294;189;14;38;44;9
24.05.2016;15:00;1;470;420;23;17;7;2
24.05.2016;15:00;3;270;138;8;52;57;11
24.05.2016;16:00;1;515;451;18;24;17;5
24.05.2016;16:00;3;264;109;8;54;75;17
24.05.2016;17:00;1;491;432;18;20;15;5
24.05.2016;17:00;3;252;115;6;51;67;13
24.05.2016;18:00;1;426;390;11;9;12;3
24.05.2016;18:00;3;220;119;3;42;39;16
24.05.2016;19:00;1;381;347;15;9;8;2
24.05.2016;19:00;3;213;132;3;28;39;11
24.05.2016;20:00;1;375;357;6;4;7;1
24.05.2016;20:00;3;187;119;3;18;38;9
24.05.2016;21:00;1;301;275;9;4;11;2
24.05.2016;21:00;3;164;101;2;21;33;6
24.05.2016;22:00;1;285;264;5;7;7;2
24.05.2016;22:00;3;159;106;4;14;30;5
24.05.2016;23:00;1;387;358;6;12;5;6
24.05.2016;23:00;3;195;148;3;15;22;5
24.05.2016;24:00;1;357;337;5;5;5;5
24.05.2016;24:00;3;158;119;1;10;24;4
25.05.2016;01:00;1;163;145;4;3;5;5
25.05.2016;01:00;3;103;72;1;6;15;9
25.05.2016;02:00;1;68;61;5;1;0;1
25.05.2016;02:00;3;44;40;1;0;2;1
25.05.2016;03:00;1;44;38;1;3;0;2
25.05.2016;03:00;3;39;37;1;0;1;0
25.05.2016;04:00;1;34;26;2;2;1;3
25.05.2016;04:00;3;32;24;2;0;3;2
25.05.2016;05:00;1;45;35;6;2;1;1
25.05.2016;05:00;3;29;21;1;2;5;0
25.05.2016;06:00;1;64;49;7;6;0;2
25.05.2016;06:00;3;42;24;1;7;10;0
25.05.2016;07:00;1;213;156;19;15;18;5
25.05.2016;07:00;3;122;51;3;20;43;5
25.05.2016;08:00;1;416;346;24;27;14;5
25.05.2016;08:00;3;191;47;7;47;75;13
25.05.2016;09:00;1;489;424;30;22;10;3
25.05.2016;09:00;3;248;95;5;68;66;14
25.05.2016;10:00;1;409;344;32;22;10;1
25.05.2016;10:00;3;237;131;8;44;40;11
25.05.2016;11:00;1;467;402;29;23;8;3
25.05.2016;11:00;3;242;142;17;32;44;6
25.05.2016;12:00;1;452;397;30;17;7;0
25.05.2016;12:00;3;215;126;13;28;42;6
25.05.2016;13:00;1;428;371;22;22;8;3
25.05.2016;13:00;3;246;143;17;31;46;8
25.05.2016;14:00;1;466;416;24;16;8;2
25.05.2016;14:00;3;212;124;6;26;45;11
25.05.2016;15:00;1;474;412;23;21;15;3
25.05.2016;15:00;3;238;107;5;50;57;18
25.05.2016;16:00;1;517;452;13;27;19;5
25.05.2016;16:00;3;288;128;9;50;82;18
25.05.2016;17:00;1;504;444;19;18;16;6
25.05.2016;17:00;3;236;103;6;55;52;15
25.05.2016;18:00;1;441;395;15;16;13;2
25.05.2016;18:00;3;232;139;4;38;39;11
25.05.2016;19:00;1;397;364;12;8;10;3
25.05.2016;19:00;3;207;137;1;21;37;9
25.05.2016;20:00;1;371;348;5;6;9;2
25.05.2016;20:00;3;192;121;5;16;42;8
25.05.2016;21:00;1;337;318;7;2;8;2
25.05.2016;21:00;3;181;122;1;23;31;4
25.05.2016;22:00;1;301;278;4;9;8;2
25.05.2016;22:00;3;158;106;4;10;31;6
25.05.2016;23:00;1;469;442;6;8;8;4
25.05.2016;23:00;3;230;183;3;14;23;7
25.05.2016;24:00;1;352;328;8;9;2;5
25.05.2016;24:00;3;186;141;1;12;27;5
26.05.2016;01:00;1;205;192;4;6;2;1
26.05.2016;01:00;3;129;92;3;5;21;8
26.05.2016;02:00;1;84;76;4;3;1;0
26.05.2016;02:00;3;61;52;1;0;6;2
26.05.2016;03:00;1;58;51;2;2;2;1
26.05.2016;03:00;3;54;51;1;0;2;0
26.05.2016;04:00;1;29;27;1;0;0;1
26.05.2016;04:00;3;40;34;2;1;3;0
26.05.2016;05:00;1;53;41;3;4;1;4
26.05.2016;05:00;3;25;17;2;1;5;0
26.05.2016;06:00;1;52;32;8;9;2;1
26.05.2016;06:00;3;39;23;1;3;11;1
26.05.2016;07:00;1;213;163;12;18;17;3
26.05.2016;07:00;3;126;43;3;24;45;10
26.05.2016;08:00;1;401;330;22;26;18;5
26.05.2016;08:00;3;198;56;5;61;57;18
26.05.2016;09:00;1;479;406;22;31;14;5
26.05.2016;09:00;3;268;101;3;70;68;25
26.05.2016;10:00;1;453;379;30;27;13;2
26.05.2016;10:00;3;239;131;15;45;36;10
26.05.2016;11:00;1;420;359;33;18;6;2
26.05.2016;11:00;3;253;148;16;25;51;11
26.05.2016;12:00;1;451;394;28;16;9;2
26.05.2016;12:00;3;229;136;10;24;48;8
26.05.2016;13:00;1;465;404;29;17;12;3
26.05.2016;13:00;3;224;127;11;31;42;12
26.05.2016;14:00;1;438;373;30;23;9;3
26.05.2016;14:00;3;250;144;14;39;42;9
26.05.2016;15:00;1;481;421;32;19;7;2
26.05.2016;15:00;3;275;131;11;51;58;19
26.05.2016;16:00;1;491;420;21;17;29;3
26.05.2016;16:00;3;288;132;6;70;61;16
26.05.2016;17:00;1;467;406;15;22;19;4
26.05.2016;17:00;3;246;111;6;47;65;14
26.05.2016;18:00;1;444;403;12;9;16;4
26.05.2016;18:00;3;236;125;2;39;52;17
26.05.2016;19:00;1;432;404;11;6;8;2
26.05.2016;19:00;3;207;133;4;22;37;11
26.05.2016;20:00;1;391;365;8;7;8;2
26.05.2016;20:00;3;186;114;2;25;36;9
26.05.2016;21:00;1;344;326;4;5;8;1
26.05.2016;21:00;3;174;108;5;26;29;6
26.05.2016;22:00;1;299;280;2;7;8;2
26.05.2016;22:00;3;158;111;0;13;27;7
26.05.2016;23:00;1;212;194;3;6;7;1
26.05.2016;23:00;3;119;77;0;19;19;4
26.05.2016;24:00;1;161;153;1;3;4;0
26.05.2016;24:00;3;116;78;1;14;17;6
27.05.2016;01:00;1;101;92;0;6;2;1
27.05.2016;01:00;3;100;75;0;8;10;7
27.05.2016;02:00;1;46;45;0;1;0;0
27.05.2016;02:00;3;69;68;0;0;1;0
27.05.2016;03:00;1;47;46;1;0;0;0
27.05.2016;03:00;3;69;69;0;0;0;0
27.05.2016;04:00;1;34;34;0;0;0;0
27.05.2016;04:00;3;43;39;0;2;2;0
27.05.2016;05:00;1;21;21;0;0;0;0
27.05.2016;05:00;3;24;18;0;2;4;0
27.05.2016;06:00;1;41;25;7;7;2;0
27.05.2016;06:00;3;35;16;3;5;10;1
27.05.2016;07:00;1;207;156;17;14;16;4
27.05.2016;07:00;3;128;48;2;24;46;8
27.05.2016;08:00;1;410;330;24;31;20;5
27.05.2016;08:00;3;197;50;6;50;72;18
27.05.2016;09:00;1;485;407;33;26;17;2
27.05.2016;09:00;3;236;79;7;54;68;26
27.05.2016;10:00;1;433;366;36;15;14;2
27.05.2016;10:00;3;229;121;11;40;44;11
27.05.2016;11:00;1;442;372;39;21;8;2
27.05.2016;11:00;3;221;131;3;32;46;9
27.05.2016;12:00;1;472;401;33;29;5;2
27.05.2016;12:00;3;253;150;12;37;39;11
27.05.2016;13:00;1;477;423;34;15;3;2
27.05.2016;13:00;3;242;146;8;28;47;12
27.05.2016;14:00;1;452;396;26;20;9;1
27.05.2016;14:00;3;251;165;8;35;35;7
27.05.2016;15:00;1;506;448;28;14;11;3
27.05.2016;15:00;3;269;134;15;47;61;12
27.05.2016;16:00;1;533;459;23;18;27;5
27.05.2016;16:00;3;281;126;5;59;68;19
27.05.2016;17:00;1;517;460;14;17;22;4
27.05.2016;17:00;3;276;130;5;55;63;21
27.05.2016;18:00;1;459;419;16;7;11;5
27.05.2016;18:00;3;259;151;8;41;42;15
27.05.2016;19:00;1;483;451;9;14;7;2
27.05.2016;19:00;3;255;169;3;30;42;11
27.05.2016;20:00;1;432;406;5;9;9;2
27.05.2016;20:00;3;206;133;5;23;36;9
27.05.2016;21:00;1;337;315;3;6;10;2
27.05.2016;21:00;3;186;129;3;19;29;6
27.05.2016;22:00;1;325;307;3;9;5;1
27.05.2016;22:00;3;178;119;1;22;29;6
27.05.2016;23:00;1;281;269;2;7;2;0
27.05.2016;23:00;3;162;109;2;16;29;5
27.05.2016;24:00;1;263;247;6;5;4;1
27.05.2016;24:00;3;178;132;2;22;17;4
28.05.2016;01:00;1;254;244;1;3;3;3
28.05.2016;01:00;3;208;169;4;14;16;5
28.05.2016;02:00;1;204;196;3;3;2;0
28.05.2016;02:00;3;203;183;2;4;13;1
28.05.2016;03:00;1;216;207;3;3;2;1
28.05.2016;03:00;3;182;155;3;9;13;2
28.05.2016;04:00;1;69;68;0;0;0;1
28.05.2016;04:00;3;114;110;0;2;2;0
28.05.2016;05:00;1;47;47;0;0;0;0
28.05.2016;05:00;3;85;81;0;3;1;0
28.05.2016;06:00;1;37;32;2;2;1;0
28.05.2016;06:00;3;35;30;0;2;3;0
28.05.2016;07:00;1;50;37;4;3;5;1
28.05.2016;07:00;3;49;19;1;7;18;4
28.05.2016;08:00;1;85;68;3;6;6;2
28.05.2016;08:00;3;76;31;2;7;31;4
28.05.2016;09:00;1;116;93;6;8;7;2
28.05.2016;09:00;3;90;32;0;26;28;4
28.05.2016;10:00;1;216;196;10;3;5;2
28.05.2016;10:00;3;149;85;0;23;33;7
28.05.2016;11:00;1;326;292;6;8;17;2
28.05.2016;11:00;3;156;83;3;23;40;6
28.05.2016;12:00;1;377;358;3;6;8;2
28.05.2016;12:00;3;173;99;2;27;37;8
28.05.2016;13:00;1;386;354;9;11;9;2
28.05.2016;13:00;3;183;116;3;20;36;8
28.05.2016;14:00;1;462;433;7;10;10;2
28.05.2016;14:00;3;202;118;2;27;47;8
28.05.2016;15:00;1;523;491;10;9;8;3
28.05.2016;15:00;3;242;172;5;22;37;6
28.05.2016;16:00;1;422;393;13;8;8;0
28.05.2016;16:00;3;221;138;5;22;47;9
28.05.2016;17:00;1;410;392;5;4;7;2
28.05.2016;17:00;3;226;145;7;26;40;8
28.05.2016;18:00;1;421;397;6;7;9;1
28.05.2016;18:00;3;212;140;5;21;35;11
28.05.2016;19:00;1;377;349;11;8;7;2
28.05.2016;19:00;3;204;144;1;17;34;7
28.05.2016;20:00;1;299;284;1;7;6;1
28.05.2016;20:00;3;181;131;4;11;28;7
28.05.2016;21:00;1;280;261;7;2;9;1
28.05.2016;21:00;3;158;111;1;15;23;6
28.05.2016;22:00;1;225;212;3;1;8;1
28.05.2016;22:00;3;120;88;0;8;20;4
28.05.2016;23:00;1;216;204;3;3;4;1
28.05.2016;23:00;3;134;98;1;11;19;5
28.05.2016;24:00;1;255;245;1;0;8;1
28.05.2016;24:00;3;169;128;5;12;20;4
29.05.2016;01:00;1;319;302;7;4;3;2
29.05.2016;01:00;3;243;211;6;8;15;3
29.05.2016;02:00;1;216;212;1;3;0;0
29.05.2016;02:00;3;237;218;0;6;11;2
29.05.2016;03:00;1;208;195;0;5;7;1
29.05.2016;03:00;3;216;191;4;3;15;2
29.05.2016;04:00;1;179;174;2;1;1;1
29.05.2016;04:00;3;165;158;0;2;4;1
29.05.2016;05:00;1;64;63;0;0;1;0
29.05.2016;05:00;3;111;103;1;1;6;0
29.05.2016;06:00;1;46;43;1;1;1;0
29.05.2016;06:00;3;43;30;0;1;8;4
29.05.2016;07:00;1;44;42;0;0;2;0
29.05.2016;07:00;3;71;40;1;5;14;11
29.05.2016;08:00;1;74;63;2;3;6;0
29.05.2016;08:00;3;64;31;0;8;14;11
29.05.2016;09:00;1;81;77;0;0;3;1
29.05.2016;09:00;3;76;35;1;3;30;7
29.05.2016;10:00;1;129;118;3;3;4;1
29.05.2016;10:00;3;102;65;1;8;25;3
29.05.2016;11:00;1;246;231;3;2;10;0
29.05.2016;11:00;3;103;70;2;7;20;4
29.05.2016;12:00;1;282;269;4;1;7;1
29.05.2016;12:00;3;141;92;3;14;29;3
29.05.2016;13:00;1;306;294;3;1;7;0
29.05.2016;13:00;3;158;108;2;14;28;6
29.05.2016;14:00;1;364;350;3;2;6;3
29.05.2016;14:00;3;155;111;1;14;24;4
29.05.2016;15:00;1;359;345;3;4;6;0
29.05.2016;15:00;3;178;127;1;11;34;5
29.05.2016;16:00;1;387;370;3;6;7;1
29.05.2016;16:00;3;220;168;2;16;30;4
29.05.2016;17:00;1;390;379;3;3;5;0
29.05.2016;17:00;3;206;146;5;14;37;4
29.05.2016;18:00;1;369;353;5;4;6;0
29.05.2016;18:00;3;226;176;4;10;28;7
29.05.2016;19:00;1;392;381;3;4;3;1
29.05.2016;19:00;3;177;130;0;18;23;6
29.05.2016;20:00;1;375;364;5;3;3;0
29.05.2016;20:00;3;197;142;3;9;37;5
29.05.2016;21:00;1;394;374;10;3;4;1
29.05.2016;21:00;3;187;146;1;15;21;3
29.05.2016;22:00;1;249;242;0;2;5;0
29.05.2016;22:00;3;142;103;1;9;25;4
29.05.2016;23:00;1;196;187;2;3;3;1
29.05.2016;23:00;3;121;93;1;5;19;3
29.05.2016;24:00;1;128;114;3;3;8;0
29.05.2016;24:00;3;98;73;2;5;15;3
30.05.2016;01:00;1;70;64;2;1;2;1
30.05.2016;01:00;3;48;37;0;1;8;2
30.05.2016;02:00;1;26;23;1;1;1;0
30.05.2016;02:00;3;32;30;1;0;1;0
30.05.2016;03:00;1;16;16;0;0;0;0
30.05.2016;03:00;3;18;17;0;0;1;0
30.05.2016;04:00;1;6;6;0;0;0;0
30.05.2016;04:00;3;18;16;0;0;2;0
30.05.2016;05:00;1;13;11;1;1;0;0
30.05.2016;05:00;3;14;11;0;0;3;0
30.05.2016;06:00;1;37;23;5;7;1;1
30.05.2016;06:00;3;30;14;0;3;12;1
30.05.2016;07:00;1;215;163;12;15;22;3
30.05.2016;07:00;3;131;46;1;21;55;8
30.05.2016;08:00;1;425;349;26;27;17;5
30.05.2016;08:00;3;208;64;3;52;77;11
30.05.2016;09:00;1;477;391;32;28;21;5
30.05.2016;09:00;3;278;120;3;60;69;22
30.05.2016;10:00;1;421;351;26;24;15;4
30.05.2016;10:00;3;230;124;12;41;41;11
30.05.2016;11:00;1;461;383;37;23;14;4
30.05.2016;11:00;3;273;171;16;28;48;7
30.05.2016;12:00;1;447;388;27;23;6;2
30.05.2016;12:00;3;232;132;14;27;46;11
30.05.2016;13:00;1;452;396;28;13;10;2
30.05.2016;13:00;3;249;145;12;33;52;6
30.05.2016;14:00;1;486;418;39;19;6;2
30.05.2016;14:00;3;221;130;6;33;43;9
30.05.2016;15:00;1;487;420;27;17;12;5
30.05.2016;15:00;3;257;121;8;50;61;15
30.05.2016;16:00;1;501;429;25;19;25;2
30.05.2016;16:00;3;281;120;9;59;70;19
30.05.2016;17:00;1;508;447;21;15;21;4
30.05.2016;17:00;3;243;108;6;50;62;17
30.05.2016;18:00;1;432;388;9;15;18;2
30.05.2016;18:00;3;228;128;8;33;44;15
30.05.2016;19:00;1;355;331;6;5;12;0
30.05.2016;19:00;3;200;125;4;23;38;10
30.05.2016;20:00;1;313;296;1;4;10;2
30.05.2016;20:00;3;161;86;3;16;45;11
30.05.2016;21:00;1;276;252;6;5;9;2
30.05.2016;21:00;3;157;97;0;17;38;5
30.05.2016;22:00;1;239;220;3;3;12;1
30.05.2016;22:00;3;133;87;1;16;23;6
30.05.2016;23:00;1;183;167;0;3;11;2
30.05.2016;23:00;3;111;73;0;9;23;6
30.05.2016;24:00;1;106;94;1;3;7;1
30.05.2016;24:00;3;80;47;1;8;20;4
31.05.2016;01:00;1;52;43;1;1;5;2
31.05.2016;01:00;3;64;42;0;4;13;5
31.05.2016;02:00;1;20;20;0;0;0;0
31.05.2016;02:00;3;24;23;0;0;1;0
31.05.2016;03:00;1;12;11;1;0;0;0
31.05.2016;03:00;3;32;32;0;0;0;0
31.05.2016;04:00;1;22;19;2;0;1;0
31.05.2016;04:00;3;26;21;2;1;2;0
31.05.2016;05:00;1;10;8;0;1;1;0
31.05.2016;05:00;3;14;10;0;1;3;0
31.05.2016;06:00;1;42;24;9;6;2;1
31.05.2016;06:00;3;25;12;1;1;11;0
31.05.2016;07:00;1;210;159;13;18;17;3
31.05.2016;07:00;3;121;43;0;25;44;9
31.05.2016;08:00;1;423;351;17;33;15;7
31.05.2016;08:00;3;205;53;6;58;70;17
31.05.2016;09:00;1;537;457;34;32;9;4
31.05.2016;09:00;3;263;105;6;58;75;17
31.05.2016;10:00;1;436;365;31;29;10;1
31.05.2016;10:00;3;228;126;7;43;39;11
31.05.2016;11:00;1;445;376;27;32;8;2
31.05.2016;11:00;3;235;122;8;44;53;7
31.05.2016;12:00;1;476;409;30;26;10;0
31.05.2016;12:00;3;244;145;8;28;52;11
31.05.2016;13:00;1;471;420;21;20;9;1
31.05.2016;13:00;3;230;142;9;35;37;6
31.05.2016;14:00;1;464;408;20;23;9;3
31.05.2016;14:00;3;249;153;7;34;46;9
31.05.2016;15:00;1;471;410;21;20;16;3
31.05.2016;15:00;3;250;112;10;47;68;11
31.05.2016;16:00;1;549;476;17;40;13;0
31.05.2016;16:00;3;279;123;7;51;83;15
31.05.2016;17:00;1;526;481;7;20;12;5
31.05.2016;17:00;3;279;127;8;54;72;16
31.05.2016;18:00;1;436;402;12;13;6;3
31.05.2016;18:00;3;221;121;2;42;40;16
31.05.2016;19:00;1;397;368;9;15;5;0
31.05.2016;19:00;3;218;141;3;24;39;11
31.05.2016;20:00;1;368;346;3;9;7;3
31.05.2016;20:00;3;198;123;1;26;39;9
31.05.2016;21:00;1;345;328;5;4;6;2
31.05.2016;21:00;3;191;125;0;21;39;6
31.05.2016;22:00;1;327;303;7;8;6;3
31.05.2016;22:00;3;160;108;3;18;27;4
31.05.2016;23:00;1;233;220;1;7;3;1
31.05.2016;23:00;3;123;74;4;12;25;6
31.05.2016;24:00;1;138;124;3;5;5;1
31.05.2016;24:00;3;99;59;3;8;24;5